Planet Name,Num Stars
PH1 b,4
30 Ari B b,4
HD 207832 c,3
HD 65216 c,3
GJ 667 C c,3
GJ 667 C b,3
HD 178911 B b,3
HD 207832 b,3
LTT 1445 A b,3
HAT-P-8 b,3
eps Ind A b,3
91 Aqr b,3
HD 43691 b,3
HAT-P-57 b,3
K2-290 c,3
WD 1856+534 b,3
WASP-11 b,3
GJ 667 C e,3
HD 87646 b,3
GJ 667 C f,3
HD 19994 b,3
HD 142245 b,3
HD 65216 b,3
Kepler-444 b,3
HD 196050 b,3
Kepler-444 c,3
WASP-12 b,3
Kepler-444 d,3
GJ 667 C g,3
Kepler-444 e,3
Kepler-444 f,3
HD 185269 b,3
HD 4113 b,3
K2-290 b,3
K2-27 b,3
HAT-P-35 b,3
WASP-3 b,3
HAT-P-16 b,3
psi 1 Dra B b,3
HD 126614 b,3
KOI-13 b,3
WASP-14 b,3
HD 2638 b,3
HD 132563 b,3
HD 26965 b,3
HW Vir b,3
16 Cyg B b,3
51 Eri b,3
Kepler-908 b,3
KELT-4 A b,3
TOI-942 c,3
WASP-24 b,3
TOI-942 b,3
HD 40979 b,3
Proxima Cen b,3
TOI-1201 b,2
HIP 70849 b,2
TOI-1634 b,2
HR 858 d,2
HR 5183 b,2
HR 858 c,2
HR 858 b,2
HD 101930 b,2
HD 103774 b,2
TOI-1338 b,2
HD 102956 b,2
HD 102365 b,2
HD 100655 b,2
HIP 79098 AB b,2
TOI-1333 b,2
TOI-1259 A b,2
HIP 8541 b,2
KOI-94 b,2
Ross 458 c,2
TIC 172900988 b,2
Kepler-743 b,2
Kepler-755 c,2
Kepler-755 b,2
HD 116029 c,2
HD 116029 b,2
HD 114762 b,2
HD 114729 b,2
PSR B1620-26 b,2
HD 113996 b,2
Kepler-390 b,2
Pr0211 b,2
Pr0211 c,2
Kepler-390 c,2
HD 110082 b,2
HD 109749 b,2
Qatar-6 b,2
HD 106515 A b,2
HIP 65 A b,2
ROXs 12 b,2
ROXs 42 B b,2
HD 108341 b,2
RR Cae b,2
KOI-94 e,2
HU Aqr AB b,2
SR 12 AB c,2
KOI-94 d,2
Kepler-136 b,2
HD 107148 c,2
HD 107148 b,2
Kepler-136 c,2
KOI-94 c,2
HATS-65 b,2
11 Com b,2
HU Aqr AB c,2
KOI-1257 b,2
K2-136 c,2
K2-136 d,2
HAT-P-67 b,2
Kepler-197 e,2
Kepler-197 d,2
Kepler-197 c,2
Kepler-197 b,2
KELT-9 b,2
Kepler-68 d,2
Kepler-68 c,2
Kepler-68 b,2
KELT-3 b,2
K2-148 b,2
K2-148 c,2
K2-148 d,2
HAT-P-41 b,2
KELT-23 A b,2
HAT-P-4 b,2
HAT-P-39 b,2
K2-151 b,2
KELT-2 A b,2
HAT-P-33 b,2
HAT-P-32 b,2
KELT-19 A b,2
HAT-P-30 b,2
HAT-P-3 b,2
HAT-P-29 b,2
HAT-P-7 b,2
K2-136 b,2
KIC 5095269 b,2
HATS-30 b,2
HATS-58 A b,2
Kepler-21 b,2
HATS-48 A b,2
Kepler-14 b,2
Kepler-410 A b,2
Kepler-411 b,2
Kepler-411 c,2
Kepler-411 d,2
HATS-37 A b,2
K2-122 b,2
Kepler-411 e,2
Kepler-413 b,2
Kepler-693 b,2
Kepler-20 b,2
HD 11964 b,2
TOI-421 b,2
TOI-421 c,2
TOI-451 b,2
TOI-451 c,2
TOI-451 d,2
KIC 5951458 b,2
Kepler-20 g,2
Kepler-20 f,2
Kepler-20 e,2
Kepler-20 d,2
Kepler-20 c,2
Kepler-1341 b,2
HD 133131 A b,2
HD 11964 c,2
HD 196067 b,2
HD 190360 b,2
HD 190360 c,2
Kepler-1086 b,2
Kepler-1086 c,2
Kepler-99 b,2
HD 195019 b,2
HD 196885 A b,2
Kepler-1008 b,2
HD 197037 b,2
HD 202206 c,2
HD 202772 A b,2
HD 204941 b,2
HD 4732 c,2
HD 4732 b,2
HD 189733 b,2
HD 59686 A b,2
HD 188015 b,2
Kepler-83 d,2
Kepler-83 c,2
Kepler-83 b,2
Kepler-108 c,2
Kepler-108 b,2
Kepler-35 b,2
HD 180902 b,2
HD 180617 b,2
LTT 3780 b,2
LTT 3780 c,2
HD 177830 c,2
HD 177830 b,2
MASCARA-4 b,2
Kepler-353 b,2
Kepler-34 b,2
HD 20781 b,2
HD 20781 c,2
Kepler-296 f,2
Kepler-1150 b,2
HD 27442 b,2
HD 25171 b,2
HD 30856 b,2
HD 23596 b,2
HD 233832 b,2
Kepler-1130 b,2
HD 33283 b,2
HD 222582 b,2
HD 220842 b,2
HD 38529 b,2
HD 38529 c,2
HD 217786 b,2
Kepler-951 b,2
Kepler-296 e,2
HD 20781 d,2
Kepler-296 d,2
Kepler-296 c,2
Kepler-296 b,2
Kepler-333 b,2
Kepler-333 c,2
HD 41004 A b,2
HD 214823 b,2
HD 41004 B b,2
HD 213240 b,2
HD 212301 b,2
Kepler-970 b,2
HD 46375 b,2
HD 20782 b,2
HD 20781 e,2
Kepler-353 c,2
HD 170469 b,2
Kepler-1063 b,2
Kepler-132 d,2
HD 147513 b,2
HD 147379 b,2
Kepler-25 b,2
OGLE-2013-BLG-0341L B b,2
HD 142022 A b,2
HD 142 c,2
HD 142 b,2
Kepler-78 b,2
Kepler-779 b,2
Kepler-1027 b,2
OGLE-2016-BLG-0613L AB b,2
Kepler-1319 b,2
Kepler-132 b,2
Kepler-132 c,2
Kepler-132 e,2
HD 147873 b,2
HD 96167 b,2
Kepler-38 b,2
HD 133131 B b,2
HD 133131 A c,2
HAT-P-27 b,2
HD 98736 b,2
HD 99492 b,2
OGLE-2018-BLG-1700L b,2
OGLE-2019-BLG-0304L b,2
HIP 109600 b,2
HD 125612 d,2
HD 125612 c,2
HD 125612 b,2
HIP 116454 b,2
Kepler-130 d,2
HD 147873 c,2
HD 7449 b,2
NN Ser c,2
HD 75289 b,2
HD 164595 b,2
HD 164509 b,2
HD 16417 b,2
HD 16141 b,2
MXB 1658-298 b,2
HD 79498 b,2
HD 80606 b,2
NGTS-14 A b,2
Kepler-795 b,2
HD 156846 b,2
NGTS-3 A b,2
HD 8535 b,2
HD 86081 b,2
HD 155233 b,2
Kepler-130 c,2
NN Ser d,2
NSVS 14256825 b,2
NY Vir b,2
NY Vir c,2
HD 8673 b,2
Kepler-104 d,2
OGLE-2007-BLG-349L AB c,2
Kepler-104 c,2
OGLE-2008-BLG-092L b,2
Kepler-104 b,2
HD 89744 b,2
Kepler-25 d,2
Kepler-25 c,2
Kepler-130 b,2
KELT-18 b,2
HD 28254 b,2
ome Ser b,2
WASP-54 b,2
Kepler-560 b,2
55 Cnc b,2
Kepler-1661 b,2
GJ 414 A c,2
GJ 414 A b,2
WASP-145 A b,2
Kepler-1480 b,2
55 Cnc c,2
55 Cnc d,2
Kepler-167 d,2
55 Cnc e,2
55 Cnc f,2
K2-288 B b,2
WASP-85 A b,2
Kepler-453 b,2
WASP-36 b,2
42 Dra b,2
K2-22 b,2
WASP-140 b,2
EPIC 246851721 b,2
GJ 15 A c,2
KELT-16 b,2
Kepler-636 b,2
WASP-33 b,2
WASP-139 b,2
WASP-98 b,2
WASP-18 b,2
2MASS J19383260+4603591 b,2
WASP-180 A b,2
Kepler-167 e,2
omi UMa b,2
WASP-18 c,2
WASP-49 b,2
Kepler-454 b,2
Kepler-454 c,2
K2-29 b,2
K2-266 e,2
Kepler-517 b,2
GJ 3021 b,2
Kepler-47 b,2
Kepler-519 b,2
WASP-94 A b,2
WASP-94 B b,2
K2-266 d,2
Kepler-47 c,2
K2-266 c,2
K2-266 b,2
bet Cnc b,2
alf Tau b,2
K2-265 b,2
WASP-168 b,2
Kepler-530 b,2
WASP-160 B b,2
WASP-87 b,2
Kepler-47 d,2
GJ 229 A c,2
gam Cep b,2
GJ 3473 c,2
GJ 229 b,2
75 Cet b,2
Kepler-167 c,2
WASP-173 A b,2
CoRoT-2 b,2
WASP-45 b,2
GJ 3473 b,2
Kepler-514 b,2
gam 1 Leo b,2
GJ 338 B b,2
Kepler-515 b,2
Kepler-477 b,2
GJ 15 A b,2
WASP-55 b,2
VHS J125601.92-125723.9 b,2
WASP-75 b,2
WASP-76 b,2
Kepler-432 c,2
Gl 49 b,2
WASP-26 b,2
CoRoT-9 b,2
DE CVn b,2
WASP-1 b,2
Kepler-1647 b,2
WASP-68 b,2
Kepler-504 b,2
WASP-77 A b,2
K2-32 b,2
K2-32 c,2
Kepler-538 b,2
WASP-56 b,2
HAT-P-1 b,2
Kepler-432 b,2
WASP-70 A b,2
UZ For c,2
HAT-P-24 b,2
KELT-15 b,2
HAT-P-22 b,2
TrES-1 b,2
TrES-2 b,2
TrES-4 b,2
ups And d,2
ups And c,2
WASP-20 b,2
Kepler-1540 b,2
ups And b,2
HAT-P-14 b,2
18 Del b,2
WASP-2 b,2
UZ For b,2
K2-32 d,2
WASP-100 b,2
WASP-104 b,2
WASP-123 b,2
Kepler-16 b,2
WASP-129 b,2
WASP-127 b,2
GJ 676 A b,2
WASP-58 b,2
Kepler-1651 b,2
GJ 676 A c,2
GJ 676 A d,2
GJ 676 A e,2
K2-32 e,2
K2-31 b,2
2MASS J01033563-5515561 AB b,2
WASP-8 b,2
tau Boo b,2
WASP-8 c,2
Kepler-167 b,2
XO-2 S b,2
XO-2 S c,2
GJ 86 b,2
WASP-64 b,2
XO-2 N b,2
DMPP-3 A b,2
DP Leo b,2
WASP-114 b,2
GJ 720 A b,2
DS Tuc A b,2
Kepler-350 c,1
Kepler-347 b,1
Kepler-348 b,1
Kepler-349 c,1
Kepler-521 b,1
Kepler-52 d,1
Kepler-350 b,1
Kepler-348 c,1
Kepler-349 b,1
Kepler-520 c,1
Kepler-52 c,1
Kepler-347 c,1
Kepler-520 b,1
Kepler-427 b,1
Kepler-52 b,1
Kepler-358 c,1
Kepler-359 c,1
Kepler-359 d,1
Kepler-510 b,1
Kepler-51 d,1
Kepler-36 b,1
Kepler-36 c,1
Kepler-51 c,1
Kepler-360 b,1
Kepler-360 c,1
Kepler-361 b,1
Kepler-361 c,1
Kepler-51 b,1
Kepler-362 b,1
Kepler-362 c,1
Kepler-363 b,1
Kepler-363 c,1
Kepler-363 d,1
Kepler-364 b,1
Kepler-364 c,1
Kepler-359 b,1
Kepler-358 b,1
Kepler-350 d,1
Kepler-357 d,1
Kepler-518 b,1
Kepler-516 b,1
Kepler-351 b,1
Kepler-351 c,1
Kepler-351 d,1
Kepler-352 b,1
Kepler-352 c,1
Kepler-513 b,1
Kepler-354 b,1
Kepler-354 c,1
Kepler-354 d,1
Kepler-355 b,1
Kepler-512 b,1
Kepler-355 c,1
Kepler-356 b,1
Kepler-356 c,1
Kepler-357 b,1
Kepler-511 b,1
Kepler-357 c,1
Kepler-522 b,1
Kepler-529 c,1
Kepler-346 c,1
Kepler-328 b,1
Kepler-536 b,1
Kepler-324 c,1
Kepler-325 b,1
Kepler-325 c,1
Kepler-325 d,1
Kepler-326 b,1
Kepler-326 c,1
Kepler-326 d,1
Kepler-327 b,1
Kepler-327 c,1
Kepler-327 d,1
Kepler-328 c,1
Kepler-346 b,1
Kepler-329 b,1
Kepler-329 c,1
Kepler-33 b,1
Kepler-33 c,1
Kepler-33 d,1
Kepler-33 e,1
Kepler-535 b,1
Kepler-33 f,1
Kepler-330 b,1
Kepler-330 c,1
Kepler-331 b,1
Kepler-537 b,1
Kepler-324 b,1
Kepler-323 c,1
Kepler-323 b,1
Kepler-316 b,1
Kepler-316 c,1
Kepler-317 b,1
Kepler-317 c,1
Kepler-318 b,1
Kepler-54 b,1
Kepler-318 c,1
Kepler-319 b,1
Kepler-539 c,1
Kepler-319 c,1
Kepler-319 d,1
Kepler-32 b,1
Kepler-539 b,1
Kepler-32 c,1
Kepler-32 d,1
Kepler-32 e,1
Kepler-32 f,1
Kepler-320 b,1
Kepler-320 c,1
Kepler-321 b,1
Kepler-321 c,1
Kepler-322 b,1
Kepler-322 c,1
Kepler-331 c,1
Kepler-331 d,1
Kepler-332 b,1
Kepler-509 b,1
Kepler-340 b,1
Kepler-340 c,1
Kepler-341 b,1
Kepler-341 c,1
Kepler-341 d,1
Kepler-528 b,1
Kepler-341 e,1
Kepler-342 b,1
Kepler-527 b,1
Kepler-342 c,1
Kepler-342 d,1
Kepler-342 e,1
Kepler-343 b,1
Kepler-526 b,1
Kepler-525 b,1
Kepler-524 c,1
Kepler-343 c,1
Kepler-344 b,1
Kepler-344 c,1
Kepler-524 b,1
Kepler-523 b,1
Kepler-345 b,1
Kepler-345 c,1
Kepler-529 b,1
Kepler-53 b,1
Kepler-332 c,1
Kepler-53 c,1
Kepler-534 b,1
Kepler-533 b,1
Kepler-532 b,1
Kepler-332 d,1
Kepler-334 b,1
Kepler-531 b,1
Kepler-334 c,1
Kepler-334 d,1
Kepler-335 b,1
Kepler-335 c,1
Kepler-336 b,1
Kepler-336 c,1
Kepler-336 d,1
Kepler-337 b,1
Kepler-337 c,1
Kepler-338 b,1
Kepler-338 c,1
Kepler-338 d,1
Kepler-338 e,1
Kepler-339 b,1
Kepler-339 c,1
Kepler-53 d,1
Kepler-339 d,1
Kepler-365 b,1
Kepler-370 c,1
Kepler-365 c,1
Kepler-450 b,1
Kepler-400 b,1
Kepler-400 c,1
Kepler-401 b,1
Kepler-315 c,1
Kepler-401 d,1
Kepler-452 b,1
Kepler-450 d,1
Kepler-450 c,1
Kepler-402 b,1
Kepler-402 c,1
Kepler-402 d,1
Kepler-402 e,1
Kepler-46 b,1
Kepler-403 b,1
Kepler-403 c,1
Kepler-403 d,1
Kepler-404 b,1
Kepler-404 c,1
Kepler-405 b,1
Kepler-405 c,1
Kepler-45 b,1
Kepler-406 b,1
Kepler-449 c,1
Kepler-406 c,1
Kepler-458 c,1
Kepler-46 c,1
Kepler-407 c,1
Kepler-396 c,1
Kepler-466 b,1
Kepler-465 b,1
Kepler-464 b,1
Kepler-394 b,1
Kepler-394 c,1
Kepler-395 b,1
Kepler-395 c,1
Kepler-463 b,1
Kepler-462 c,1
Kepler-396 b,1
Kepler-462 b,1
Kepler-397 b,1
Kepler-40 b,1
Kepler-461 b,1
Kepler-397 c,1
Kepler-460 c,1
Kepler-398 b,1
Kepler-46 d,1
Kepler-398 c,1
Kepler-398 d,1
Kepler-399 b,1
Kepler-399 c,1
Kepler-399 d,1
Kepler-4 b,1
Kepler-407 b,1
Kepler-408 b,1
Kepler-366 b,1
Kepler-422 b,1
Kepler-436 c,1
Kepler-436 b,1
Kepler-419 b,1
Kepler-419 c,1
Kepler-42 b,1
Kepler-42 c,1
Kepler-42 d,1
Kepler-435 b,1
Kepler-434 b,1
Kepler-433 b,1
Kepler-421 b,1
Kepler-423 b,1
Kepler-438 b,1
Kepler-424 b,1
Kepler-431 d,1
Kepler-424 c,1
Kepler-431 c,1
Kepler-431 b,1
Kepler-430 c,1
Kepler-425 b,1
Kepler-430 b,1
Kepler-426 b,1
Kepler-43 b,1
Kepler-428 b,1
Kepler-437 b,1
Kepler-439 b,1
Kepler-409 b,1
Kepler-415 b,1
Kepler-41 b,1
Kepler-449 b,1
Kepler-448 c,1
Kepler-447 b,1
Kepler-446 d,1
Kepler-446 c,1
Kepler-412 b,1
Kepler-446 b,1
Kepler-414 b,1
Kepler-414 c,1
Kepler-445 d,1
Kepler-415 c,1
Kepler-44 b,1
Kepler-416 b,1
Kepler-416 c,1
Kepler-445 c,1
Kepler-417 b,1
Kepler-417 c,1
Kepler-445 b,1
Kepler-443 b,1
Kepler-442 b,1
Kepler-418 b,1
Kepler-441 b,1
Kepler-440 b,1
Kepler-466 c,1
Kepler-467 b,1
Kepler-468 b,1
Kepler-374 d,1
Kepler-372 b,1
Kepler-372 c,1
Kepler-372 d,1
Kepler-373 b,1
Kepler-495 b,1
Kepler-494 b,1
Kepler-493 b,1
Kepler-492 b,1
Kepler-373 c,1
Kepler-374 b,1
Kepler-374 c,1
Kepler-375 b,1
Kepler-496 b,1
Kepler-375 c,1
Kepler-376 b,1
Kepler-491 b,1
Kepler-376 c,1
Kepler-377 b,1
Kepler-490 b,1
Kepler-49 e,1
Kepler-49 d,1
Kepler-49 c,1
Kepler-377 c,1
Kepler-49 b,1
Kepler-371 c,1
Kepler-371 b,1
Kepler-470 b,1
Kepler-369 c,1
Kepler-366 c,1
Kepler-367 b,1
Kepler-508 b,1
Kepler-507 b,1
Kepler-367 c,1
Kepler-368 b,1
Kepler-368 c,1
Kepler-506 b,1
Kepler-505 b,1
Kepler-502 b,1
Kepler-369 b,1
Kepler-37 b,1
Kepler-370 b,1
Kepler-501 b,1
Kepler-500 b,1
Kepler-37 c,1
Kepler-37 d,1
Kepler-50 c,1
Kepler-50 b,1
Kepler-5 b,1
Kepler-499 b,1
Kepler-498 b,1
Kepler-497 b,1
Kepler-37 e,1
Kepler-378 b,1
Kepler-378 c,1
Kepler-379 b,1
Kepler-39 b,1
Kepler-48 d,1
Kepler-48 c,1
Kepler-387 b,1
Kepler-387 c,1
Kepler-388 b,1
Kepler-388 c,1
Kepler-389 b,1
Kepler-48 b,1
Kepler-479 b,1
Kepler-478 b,1
Kepler-389 c,1
Kepler-476 b,1
Kepler-379 c,1
Kepler-475 b,1
Kepler-474 b,1
Kepler-391 b,1
Kepler-391 c,1
Kepler-392 b,1
Kepler-392 c,1
Kepler-473 b,1
Kepler-393 b,1
Kepler-393 c,1
Kepler-472 b,1
Kepler-471 b,1
Kepler-48 e,1
Kepler-480 b,1
Kepler-481 b,1
Kepler-482 b,1
Kepler-489 b,1
Kepler-380 b,1
Kepler-488 b,1
Kepler-380 c,1
Kepler-381 b,1
Kepler-381 c,1
Kepler-382 b,1
Kepler-382 c,1
Kepler-383 b,1
Kepler-383 c,1
Kepler-487 c,1
Kepler-384 b,1
Kepler-384 c,1
Kepler-487 b,1
Kepler-486 b,1
Kepler-485 b,1
Kepler-484 b,1
Kepler-385 b,1
Kepler-385 c,1
Kepler-385 d,1
Kepler-386 b,1
Kepler-483 b,1
Kepler-386 c,1
Kepler-401 c,1
Kepler-276 d,1
Kepler-315 b,1
Kepler-188 b,1
Kepler-183 b,1
Kepler-183 c,1
Kepler-184 b,1
Kepler-184 c,1
Kepler-184 d,1
Kepler-185 b,1
Kepler-185 c,1
Kepler-186 b,1
Kepler-186 c,1
Kepler-186 d,1
Kepler-186 e,1
Kepler-186 f,1
Kepler-187 b,1
Kepler-187 c,1
Kepler-188 c,1
Kepler-194 b,1
Kepler-189 b,1
Kepler-189 c,1
Kepler-19 b,1
Kepler-19 c,1
Kepler-19 d,1
Kepler-190 b,1
Kepler-190 c,1
Kepler-191 b,1
Kepler-191 c,1
Kepler-191 d,1
Kepler-192 b,1
Kepler-192 c,1
Kepler-192 d,1
Kepler-193 b,1
Kepler-182 c,1
Kepler-182 b,1
Kepler-181 c,1
Kepler-181 b,1
Kepler-171 c,1
Kepler-171 d,1
Kepler-172 b,1
Kepler-172 c,1
Kepler-172 d,1
Kepler-172 e,1
Kepler-173 b,1
Kepler-173 c,1
Kepler-174 b,1
Kepler-174 c,1
Kepler-174 d,1
Kepler-175 b,1
Kepler-175 c,1
Kepler-176 b,1
Kepler-176 c,1
Kepler-176 d,1
Kepler-176 e,1
Kepler-177 b,1
Kepler-177 c,1
Kepler-178 b,1
Kepler-178 c,1
Kepler-178 d,1
Kepler-179 b,1
Kepler-179 c,1
Kepler-18 b,1
Kepler-18 c,1
Kepler-18 d,1
Kepler-180 b,1
Kepler-180 c,1
Kepler-193 c,1
Kepler-194 c,1
Kepler-1704 b,1
Kepler-215 e,1
Kepler-209 c,1
Kepler-210 b,1
Kepler-210 c,1
Kepler-211 b,1
Kepler-211 c,1
Kepler-212 b,1
Kepler-212 c,1
Kepler-213 b,1
Kepler-213 c,1
Kepler-214 b,1
Kepler-214 c,1
Kepler-215 b,1
Kepler-215 c,1
Kepler-215 d,1
Kepler-216 b,1
Kepler-194 d,1
Kepler-216 c,1
Kepler-217 b,1
Kepler-217 c,1
Kepler-217 d,1
Kepler-218 b,1
Kepler-218 c,1
Kepler-218 d,1
Kepler-219 b,1
Kepler-219 c,1
Kepler-219 d,1
Kepler-22 b,1
Kepler-220 b,1
Kepler-220 c,1
Kepler-220 d,1
Kepler-209 b,1
Kepler-208 e,1
Kepler-208 d,1
Kepler-208 c,1
Kepler-195 b,1
Kepler-195 c,1
Kepler-196 b,1
Kepler-196 c,1
Kepler-198 b,1
Kepler-198 c,1
Kepler-198 d,1
Kepler-199 b,1
Kepler-199 c,1
Kepler-200 b,1
Kepler-200 c,1
Kepler-201 b,1
Kepler-201 c,1
Kepler-202 b,1
Kepler-202 c,1
Kepler-203 b,1
Kepler-203 c,1
Kepler-203 d,1
Kepler-204 b,1
Kepler-204 c,1
Kepler-205 b,1
Kepler-205 c,1
Kepler-206 b,1
Kepler-206 c,1
Kepler-206 d,1
Kepler-207 b,1
Kepler-207 c,1
Kepler-207 d,1
Kepler-208 b,1
Kepler-171 b,1
Kepler-1702 b,1
Kepler-314 c,1
Kepler-1632 b,1
Kepler-1620 b,1
Kepler-1621 b,1
Kepler-1622 b,1
Kepler-1623 b,1
Kepler-1624 b,1
Kepler-1625 b,1
Kepler-1626 b,1
Kepler-1627 b,1
Kepler-1628 b,1
Kepler-1629 b,1
Kepler-163 b,1
Kepler-163 c,1
Kepler-1630 b,1
Kepler-1631 b,1
Kepler-1633 b,1
Kepler-1644 b,1
Kepler-1634 b,1
Kepler-1635 b,1
Kepler-1636 b,1
Kepler-1637 b,1
Kepler-1638 b,1
Kepler-1639 b,1
Kepler-164 b,1
Kepler-164 c,1
Kepler-164 d,1
Kepler-1640 b,1
Kepler-1641 b,1
Kepler-1641 c,1
Kepler-1642 b,1
Kepler-1642 c,1
Kepler-162 c,1
Kepler-162 b,1
Kepler-1619 b,1
Kepler-1618 b,1
Kepler-1594 b,1
Kepler-1595 b,1
Kepler-1596 b,1
Kepler-1597 b,1
Kepler-1598 b,1
Kepler-1599 b,1
Kepler-160 b,1
Kepler-160 c,1
Kepler-160 d,1
Kepler-1600 b,1
Kepler-1601 b,1
Kepler-1602 b,1
Kepler-1603 b,1
Kepler-1604 b,1
Kepler-1605 b,1
Kepler-1606 b,1
Kepler-1607 b,1
Kepler-1608 b,1
Kepler-1609 b,1
Kepler-161 b,1
Kepler-161 c,1
Kepler-1610 b,1
Kepler-1611 b,1
Kepler-1612 b,1
Kepler-1613 b,1
Kepler-1614 b,1
Kepler-1615 b,1
Kepler-1616 b,1
Kepler-1617 b,1
Kepler-1643 b,1
Kepler-1645 b,1
Kepler-1701 b,1
Kepler-169 e,1
Kepler-168 c,1
Kepler-1680 b,1
Kepler-1681 b,1
Kepler-1682 b,1
Kepler-1683 b,1
Kepler-1684 b,1
Kepler-1685 b,1
Kepler-1686 b,1
Kepler-1687 b,1
Kepler-1688 b,1
Kepler-1689 b,1
Kepler-169 b,1
Kepler-169 c,1
Kepler-169 d,1
Kepler-169 f,1
Kepler-1646 b,1
Kepler-1690 b,1
Kepler-1691 b,1
Kepler-1692 b,1
Kepler-1693 b,1
Kepler-1694 b,1
Kepler-1695 b,1
Kepler-1696 b,1
Kepler-1697 b,1
Kepler-1698 b,1
Kepler-1699 b,1
Kepler-17 b,1
Kepler-170 b,1
Kepler-170 c,1
Kepler-1700 b,1
Kepler-168 b,1
Kepler-1679 b,1
Kepler-1678 b,1
Kepler-1677 b,1
Kepler-1649 b,1
Kepler-1649 c,1
Kepler-165 b,1
Kepler-165 c,1
Kepler-1650 b,1
Kepler-1652 b,1
Kepler-1653 b,1
Kepler-1654 b,1
Kepler-1655 b,1
Kepler-1656 b,1
Kepler-1658 b,1
Kepler-166 b,1
Kepler-166 c,1
Kepler-166 d,1
Kepler-1663 b,1
Kepler-1664 b,1
Kepler-1665 b,1
Kepler-1666 b,1
Kepler-1666 c,1
Kepler-1667 b,1
Kepler-1668 b,1
Kepler-1669 b,1
Kepler-1670 b,1
Kepler-1671 b,1
Kepler-1672 b,1
Kepler-1673 b,1
Kepler-1674 b,1
Kepler-1675 b,1
Kepler-1676 b,1
Kepler-220 e,1
Kepler-221 b,1
Kepler-221 c,1
Kepler-285 c,1
Kepler-28 c,1
Kepler-280 b,1
Kepler-280 c,1
Kepler-281 b,1
Kepler-281 c,1
Kepler-282 b,1
Kepler-282 c,1
Kepler-282 d,1
Kepler-282 e,1
Kepler-283 b,1
Kepler-283 c,1
Kepler-284 b,1
Kepler-284 c,1
Kepler-285 b,1
Kepler-286 b,1
Kepler-291 b,1
Kepler-286 c,1
Kepler-286 d,1
Kepler-286 e,1
Kepler-287 b,1
Kepler-287 c,1
Kepler-288 b,1
Kepler-288 c,1
Kepler-288 d,1
Kepler-289 b,1
Kepler-289 c,1
Kepler-289 d,1
Kepler-29 b,1
Kepler-29 c,1
Kepler-290 b,1
Kepler-28 b,1
Kepler-279 d,1
Kepler-279 c,1
Kepler-279 b,1
Kepler-267 d,1
Kepler-268 b,1
Kepler-268 c,1
Kepler-269 b,1
Kepler-269 c,1
Kepler-27 b,1
Kepler-27 c,1
Kepler-270 b,1
Kepler-270 c,1
Kepler-271 b,1
Kepler-271 c,1
Kepler-271 d,1
Kepler-272 b,1
Kepler-272 c,1
Kepler-272 d,1
Kepler-273 b,1
Kepler-273 c,1
Kepler-274 b,1
Kepler-274 c,1
Kepler-275 b,1
Kepler-275 c,1
Kepler-275 d,1
Kepler-276 b,1
Kepler-276 c,1
Kepler-54 d,1
Kepler-277 b,1
Kepler-277 c,1
Kepler-278 b,1
Kepler-278 c,1
Kepler-290 c,1
Kepler-291 c,1
Kepler-221 d,1
Kepler-308 c,1
Kepler-304 c,1
Kepler-304 d,1
Kepler-304 e,1
Kepler-305 b,1
Kepler-305 c,1
Kepler-305 d,1
Kepler-305 e,1
Kepler-306 b,1
Kepler-306 c,1
Kepler-306 d,1
Kepler-306 e,1
Kepler-307 b,1
Kepler-307 c,1
Kepler-308 b,1
Kepler-309 b,1
Kepler-292 b,1
Kepler-309 c,1
Kepler-31 b,1
Kepler-31 c,1
Kepler-31 d,1
Kepler-310 b,1
Kepler-310 c,1
Kepler-310 d,1
Kepler-311 b,1
Kepler-311 c,1
Kepler-312 b,1
Kepler-312 c,1
Kepler-313 b,1
Kepler-313 c,1
Kepler-314 b,1
Kepler-304 b,1
Kepler-303 c,1
Kepler-303 b,1
Kepler-302 c,1
Kepler-292 c,1
Kepler-292 d,1
Kepler-292 e,1
Kepler-292 f,1
Kepler-293 b,1
Kepler-293 c,1
Kepler-294 b,1
Kepler-294 c,1
Kepler-295 b,1
Kepler-295 c,1
Kepler-295 d,1
Kepler-297 b,1
Kepler-297 c,1
Kepler-298 b,1
Kepler-298 c,1
Kepler-298 d,1
Kepler-299 b,1
Kepler-299 c,1
Kepler-299 d,1
Kepler-299 e,1
Kepler-30 b,1
Kepler-30 c,1
Kepler-30 d,1
Kepler-300 b,1
Kepler-300 c,1
Kepler-301 b,1
Kepler-301 c,1
Kepler-301 d,1
Kepler-302 b,1
Kepler-267 c,1
Kepler-267 b,1
Kepler-266 c,1
Kepler-238 c,1
Kepler-232 c,1
Kepler-233 b,1
Kepler-233 c,1
Kepler-234 b,1
Kepler-234 c,1
Kepler-235 b,1
Kepler-235 c,1
Kepler-235 d,1
Kepler-235 e,1
Kepler-236 b,1
Kepler-236 c,1
Kepler-237 b,1
Kepler-237 c,1
Kepler-238 b,1
Kepler-238 d,1
Kepler-266 b,1
Kepler-238 e,1
Kepler-238 f,1
Kepler-239 b,1
Kepler-239 c,1
Kepler-24 b,1
Kepler-24 c,1
Kepler-24 d,1
Kepler-24 e,1
Kepler-240 b,1
Kepler-240 c,1
Kepler-241 b,1
Kepler-241 c,1
Kepler-242 b,1
Kepler-242 c,1
Kepler-232 b,1
Kepler-231 c,1
Kepler-231 b,1
Kepler-230 c,1
Kepler-221 e,1
Kepler-222 b,1
Kepler-222 c,1
Kepler-222 d,1
Kepler-223 b,1
Kepler-223 c,1
Kepler-223 d,1
Kepler-223 e,1
Kepler-224 b,1
Kepler-224 c,1
Kepler-224 d,1
Kepler-224 e,1
Kepler-225 b,1
Kepler-225 c,1
Kepler-226 b,1
Kepler-226 c,1
Kepler-226 d,1
Kepler-227 b,1
Kepler-227 c,1
Kepler-228 b,1
Kepler-228 c,1
Kepler-228 d,1
Kepler-229 b,1
Kepler-229 c,1
Kepler-229 d,1
Kepler-23 b,1
Kepler-23 c,1
Kepler-23 d,1
Kepler-230 b,1
Kepler-243 b,1
Kepler-243 c,1
Kepler-244 b,1
Kepler-255 c,1
Kepler-256 b,1
Kepler-256 c,1
Kepler-256 d,1
Kepler-256 e,1
Kepler-257 b,1
Kepler-257 c,1
Kepler-257 d,1
Kepler-258 b,1
Kepler-258 c,1
Kepler-259 b,1
Kepler-259 c,1
Kepler-26 b,1
Kepler-26 c,1
Kepler-26 d,1
Kepler-26 e,1
Kepler-260 b,1
Kepler-260 c,1
Kepler-261 b,1
Kepler-261 c,1
Kepler-262 b,1
Kepler-262 c,1
Kepler-263 b,1
Kepler-263 c,1
Kepler-264 b,1
Kepler-264 c,1
Kepler-265 b,1
Kepler-265 c,1
Kepler-265 d,1
Kepler-265 e,1
Kepler-255 d,1
Kepler-255 b,1
Kepler-244 c,1
Kepler-254 d,1
Kepler-244 d,1
Kepler-245 b,1
Kepler-245 c,1
Kepler-245 d,1
Kepler-245 e,1
Kepler-246 b,1
Kepler-246 c,1
Kepler-247 b,1
Kepler-247 c,1
Kepler-247 d,1
Kepler-248 b,1
Kepler-248 c,1
Kepler-249 b,1
Kepler-249 c,1
Kepler-249 d,1
Kepler-250 b,1
Kepler-250 c,1
Kepler-250 d,1
Kepler-251 b,1
Kepler-251 c,1
Kepler-251 d,1
Kepler-251 e,1
Kepler-252 b,1
Kepler-252 c,1
Kepler-253 b,1
Kepler-253 c,1
Kepler-253 d,1
Kepler-254 b,1
Kepler-254 c,1
Kepler-54 c,1
Kepler-653 c,1
Kepler-540 b,1
OGLE-2017-BLG-0373L b,1
OGLE-2017-BLG-0482L b,1
OGLE-2017-BLG-0604L b,1
OGLE-2017-BLG-1049L b,1
OGLE-2017-BLG-1140L b,1
OGLE-2017-BLG-1375L b,1
OGLE-2017-BLG-1434L b,1
OGLE-2017-BLG-1522L b,1
OGLE-2018-BLG-0567L b,1
OGLE-2018-BLG-0596L b,1
OGLE-2018-BLG-0677L b,1
OGLE-2018-BLG-0740L b,1
OGLE-2018-BLG-0962L b,1
OGLE-2018-BLG-1011L b,1
OGLE-2018-BLG-1011L c,1
OGLE-2018-BLG-1185L b,1
OGLE-2018-BLG-1269L b,1
OGLE-2018-BLG-1428L b,1
OGLE-2019-BLG-0954L b,1
OGLE-TR-10 b,1
OGLE-TR-111 b,1
OGLE-TR-113 b,1
OGLE-TR-132 b,1
OGLE-TR-182 b,1
OGLE-TR-211 b,1
OGLE-TR-56 b,1
OGLE2-TR-L9 b,1
Oph 11 b,1
PDS 70 b,1
PDS 70 c,1
OGLE-2017-BLG-0406L b,1
OGLE-2017-BLG-0173L b,1
Kepler-953 b,1
OGLE-2016-BLG-1227L b,1
OGLE-2011-BLG-0265L b,1
OGLE-2012-BLG-0026L b,1
OGLE-2012-BLG-0026L c,1
OGLE-2012-BLG-0358L b,1
OGLE-2012-BLG-0406L b,1
OGLE-2012-BLG-0563L b,1
OGLE-2012-BLG-0724L b,1
OGLE-2012-BLG-0838L b,1
OGLE-2012-BLG-0950L b,1
OGLE-2013-BLG-0102L b,1
OGLE-2013-BLG-0132L b,1
OGLE-2013-BLG-0911L b,1
OGLE-2013-BLG-1721L b,1
OGLE-2013-BLG-1761L b,1
OGLE-2014-BLG-0124L b,1
OGLE-2014-BLG-0676L b,1
OGLE-2014-BLG-1722L b,1
OGLE-2014-BLG-1722L c,1
OGLE-2014-BLG-1760L b,1
OGLE-2015-BLG-0051L b,1
OGLE-2015-BLG-0954L b,1
OGLE-2015-BLG-0966L b,1
OGLE-2015-BLG-1649L b,1
OGLE-2015-BLG-1670L b,1
OGLE-2015-BLG-1771L b,1
OGLE-2016-BLG-0263L b,1
OGLE-2016-BLG-1067L b,1
OGLE-2016-BLG-1190L b,1
OGLE-2016-BLG-1195L b,1
PH2 b,1
POTS-1 b,1
PSR B0329+54 b,1
PSR B1257+12 b,1
TOI-1260 c,1
TOI-1266 b,1
TOI-1266 c,1
TOI-1278 b,1
TOI-1296 b,1
TOI-1298 b,1
TOI-132 b,1
TOI-1431 b,1
TOI-1444 b,1
TOI-1444 c,1
TOI-1478 b,1
TOI-150.01,1
TOI-1518 b,1
TOI-157 b,1
TOI-1601 b,1
TOI-163 b,1
TOI-1685 b,1
TOI-169 b,1
TOI-172 b,1
TOI-1728 b,1
TOI-1749 b,1
TOI-1749 c,1
TOI-1749 d,1
TOI-178 b,1
TOI-178 c,1
TOI-178 d,1
TOI-178 e,1
TOI-178 f,1
TOI-178 g,1
TOI-1260 b,1
TOI-125 d,1
TOI-125 c,1
Qatar-9 b,1
PSR B1257+12 c,1
PSR B1257+12 d,1
PSR J1719-1438 b,1
PSR J2322-2650 b,1
Pr0201 b,1
Qatar-1 b,1
Qatar-10 b,1
Qatar-2 b,1
Qatar-3 b,1
Qatar-4 b,1
Qatar-5 b,1
Qatar-7 b,1
Qatar-8 b,1
Ross 128 b,1
TOI-125 b,1
SWEEPS-11 b,1
SWEEPS-4 b,1
TAP 26 b,1
TCP J05074264+2447555 b,1
TIC 237913194 b,1
TIC 257060897 b,1
TOI-1062 b,1
TOI-1062 c,1
TOI-1130 b,1
TOI-1130 c,1
TOI-122 b,1
TOI-1231 b,1
TOI-1235 b,1
OGLE-2011-BLG-0251L b,1
OGLE-2011-BLG-0173L b,1
OGLE-2008-BLG-355L b,1
LHS 1678 c,1
Kepler-980 b,1
Kepler-981 b,1
Kepler-982 b,1
Kepler-983 b,1
Kepler-984 b,1
Kepler-985 b,1
Kepler-986 b,1
Kepler-987 b,1
Kepler-988 b,1
Kepler-989 b,1
Kepler-990 b,1
Kepler-990 c,1
Kepler-991 b,1
Kepler-992 b,1
Kepler-993 b,1
Kepler-994 b,1
Kepler-995 b,1
Kepler-996 b,1
Kepler-997 b,1
Kepler-998 b,1
Kepler-999 b,1
L 168-9 b,1
L 98-59 b,1
L 98-59 c,1
L 98-59 d,1
L 98-59 e,1
LHS 1140 b,1
LHS 1140 c,1
LHS 1478 b,1
Kepler-98 b,1
Kepler-979 b,1
Kepler-978 b,1
Kepler-966 b,1
Kepler-954 b,1
Kepler-955 b,1
Kepler-956 b,1
Kepler-957 b,1
Kepler-958 b,1
Kepler-959 b,1
Kepler-96 b,1
Kepler-960 b,1
Kepler-961 b,1
Kepler-962 b,1
Kepler-963 b,1
Kepler-964 b,1
Kepler-965 b,1
Kepler-967 b,1
Kepler-977 b,1
Kepler-967 c,1
Kepler-968 b,1
Kepler-968 c,1
Kepler-969 b,1
Kepler-969 c,1
Kepler-97 b,1
Kepler-97 c,1
Kepler-971 b,1
Kepler-972 b,1
Kepler-973 b,1
Kepler-974 b,1
Kepler-975 b,1
Kepler-976 b,1
LHS 1678 b,1
LHS 1815 b,1
OGLE-2007-BLG-368L b,1
LHS 3844 b,1
MOA-2016-BLG-319L b,1
MOA-bin-1L b,1
MOA-bin-29 b,1
NGC 2682 Sand 364 b,1
NGC 2682 Sand 978 b,1
NGC 2682 YBP 1194 b,1
NGC 2682 YBP 1514 b,1
NGC 2682 YBP 401 b,1
NGTS-1 b,1
NGTS-10 b,1
NGTS-11 b,1
NGTS-12 b,1
NGTS-13 b,1
NGTS-15 b,1
NGTS-16 b,1
NGTS-17 b,1
NGTS-18 b,1
NGTS-2 b,1
NGTS-4 b,1
NGTS-5 b,1
NGTS-6 b,1
NGTS-8 b,1
NGTS-9 b,1
OGLE-2003-BLG-235L b,1
OGLE-2005-BLG-071L b,1
OGLE-2005-BLG-169L b,1
OGLE-2005-BLG-390L b,1
OGLE-2006-BLG-109L b,1
OGLE-2006-BLG-109L c,1
MOA-2016-BLG-227L b,1
MOA-2015-BLG-337L b,1
MOA-2013-BLG-605L b,1
MOA-2009-BLG-266L b,1
LP 714-47 b,1
LP 791-18 b,1
LP 791-18 c,1
LSPM J2116+0234 b,1
LTT 9779 b,1
LkCa 15 b,1
LkCa 15 c,1
Lupus-TR-3 b,1
MASCARA-1 b,1
MOA-2007-BLG-192L b,1
MOA-2007-BLG-400L b,1
MOA-2008-BLG-310L b,1
MOA-2008-BLG-379L b,1
MOA-2009-BLG-319L b,1
MOA-2013-BLG-220L b,1
MOA-2009-BLG-387L b,1
MOA-2010-BLG-073L b,1
MOA-2010-BLG-117L b,1
MOA-2010-BLG-328L b,1
MOA-2010-BLG-353L b,1
MOA-2010-BLG-477L b,1
MOA-2011-BLG-028L b,1
MOA-2011-BLG-262L b,1
MOA-2011-BLG-291L b,1
MOA-2011-BLG-293L b,1
MOA-2011-BLG-322L b,1
MOA-2012-BLG-006L b,1
MOA-2012-BLG-505L b,1
TOI-1789 b,1
TOI-1807 b,1
TOI-1899 b,1
WASP-72 b,1
WASP-4 b,1
WASP-41 b,1
WASP-41 c,1
WASP-42 b,1
WASP-43 b,1
WASP-44 b,1
WASP-46 b,1
WASP-47 b,1
WASP-47 c,1
WASP-47 d,1
WASP-47 e,1
WASP-48 b,1
WASP-5 b,1
WASP-50 b,1
WASP-52 b,1
WASP-53 b,1
WASP-53 c,1
WASP-57 b,1
WASP-59 b,1
WASP-6 b,1
WASP-60 b,1
WASP-61 b,1
WASP-62 b,1
WASP-63 b,1
WASP-65 b,1
WASP-66 b,1
WASP-67 b,1
WASP-69 b,1
WASP-7 b,1
WASP-39 b,1
WASP-38 b,1
WASP-37 b,1
WASP-185 b,1
WASP-17 b,1
WASP-170 b,1
WASP-171 b,1
WASP-172 b,1
WASP-174 b,1
WASP-175 b,1
WASP-176 b,1
WASP-177 b,1
WASP-178 b,1
WASP-181 b,1
WASP-182 b,1
WASP-183 b,1
WASP-184 b,1
WASP-186 b,1
WASP-35 b,1
WASP-187 b,1
WASP-19 b,1
WASP-190 b,1
WASP-192 b,1
WASP-21 b,1
WASP-22 b,1
WASP-23 b,1
WASP-25 b,1
WASP-28 b,1
WASP-29 b,1
WASP-31 b,1
WASP-32 b,1
WASP-34 b,1
WASP-71 b,1
WASP-73 b,1
WASP-167 b,1
WASP-74 b,1
XO-7 b,1
YSES 2 b,1
YZ Cet b,1
YZ Cet c,1
YZ Cet d,1
alf Ari b,1
bet Pic b,1
bet Pic c,1
bet UMi b,1
eps CrB b,1
eps Eri b,1
eps Tau b,1
gam Lib b,1
gam Lib c,1
iot Dra b,1
kap And b,1
kap CrB b,1
mu Leo b,1
nu Oph b,1
nu Oph c,1
omi CrB b,1
pi Men c,1
rho CrB b,1
rho CrB c,1
tau Cet e,1
tau Cet f,1
tau Cet g,1
tau Cet h,1
tau Gem b,1
XO-6 b,1
XO-5 b,1
XO-4 b,1
WASP-95 b,1
WASP-78 b,1
WASP-79 b,1
WASP-80 b,1
WASP-81 b,1
WASP-82 b,1
WASP-83 b,1
WASP-84 b,1
WASP-88 b,1
WASP-89 b,1
WASP-90 b,1
WASP-91 b,1
WASP-92 b,1
WASP-93 b,1
WASP-96 b,1
XO-3 b,1
WASP-97 b,1
WASP-99 b,1
WD 0806-661 b,1
WISEP J121756.91+162640.2 A b,1
WTS-1 b,1
WTS-2 b,1
Wendelstein-1 b,1
Wendelstein-2 b,1
Wolf 1061 b,1
Wolf 1061 c,1
Wolf 1061 d,1
Wolf 503 b,1
XO-1 b,1
WASP-169 b,1
WASP-166 b,1
TOI-201 b,1
TYC 1422-614-1 c,1
TOI-561 e,1
TOI-561 f,1
TOI-564 b,1
TOI-628 b,1
TOI-640 b,1
TOI-674 b,1
TOI-677 b,1
TOI-700 b,1
TOI-700 c,1
TOI-700 d,1
TOI-763 b,1
TOI-763 c,1
TOI-776 b,1
TOI-776 c,1
TOI-813 b,1
TOI-824 b,1
TOI-837 b,1
TOI-849 b,1
TOI-892 b,1
TOI-905 b,1
TOI-954 b,1
TRAPPIST-1 b,1
TRAPPIST-1 c,1
TRAPPIST-1 d,1
TRAPPIST-1 e,1
TRAPPIST-1 f,1
TRAPPIST-1 g,1
TRAPPIST-1 h,1
TYC 0434-04538-1 b,1
TOI-561 d,1
TOI-561 c,1
TOI-561 b,1
TOI-257 b,1
TOI-2076 b,1
TOI-2076 c,1
TOI-2076 d,1
TOI-216.01,1
TOI-216.02,1
TOI-220 b,1
TOI-2202 b,1
TOI-2202 c,1
TOI-2257 b,1
TOI-2285 b,1
TOI-237 b,1
TOI-2406 b,1
TOI-251 b,1
TOI-269 b,1
TOI-559 b,1
TOI-270 b,1
TOI-270 c,1
TOI-270 d,1
TOI-3362 b,1
TOI-431 b,1
TOI-431 c,1
TOI-431 d,1
TOI-481 b,1
TOI-519 b,1
TOI-530 b,1
TOI-532 b,1
TOI-540 b,1
TOI-558 b,1
TYC 1422-614-1 b,1
TYC 3318-01333-1 b,1
WASP-165 b,1
TYC 3667-1280-1 b,1
WASP-126 b,1
WASP-126 c,1
WASP-13 b,1
WASP-130 b,1
WASP-131 b,1
WASP-132 b,1
WASP-133 b,1
WASP-135 b,1
WASP-136 b,1
WASP-138 b,1
WASP-141 b,1
WASP-142 b,1
WASP-144 b,1
WASP-147 b,1
WASP-148 b,1
WASP-148 c,1
WASP-15 b,1
WASP-150 b,1
WASP-151 b,1
WASP-153 b,1
WASP-156 b,1
WASP-157 b,1
WASP-158 b,1
WASP-159 b,1
WASP-16 b,1
WASP-161 b,1
WASP-162 b,1
WASP-163 b,1
WASP-164 b,1
WASP-124 b,1
WASP-121 b,1
WASP-120 b,1
V1298 Tau c,1
TYC 4282-00605-1 b,1
TYC 8998-760-1 b,1
TYC 8998-760-1 c,1
Teegarden's Star b,1
Teegarden's Star c,1
TrES-3 b,1
TrES-5 b,1
UKIRT-2017-BLG-001L b,1
USco CTIO 108 b,1
USco1556 b,1
USco1621 b,1
V0391 Peg b,1
V1298 Tau b,1
V1298 Tau d,1
WASP-119 b,1
V1298 Tau e,1
V830 Tau b,1
WASP-10 b,1
WASP-101 b,1
WASP-103 b,1
WASP-105 b,1
WASP-106 b,1
WASP-107 b,1
WASP-107 c,1
WASP-110 b,1
WASP-113 b,1
WASP-117 b,1
WASP-118 b,1
Kepler-953 c,1
Kepler-952 b,1
Kepler-541 b,1
Kepler-660 b,1
Kepler-662 b,1
Kepler-663 b,1
Kepler-664 b,1
Kepler-665 b,1
Kepler-666 b,1
Kepler-667 b,1
Kepler-668 b,1
Kepler-669 b,1
Kepler-67 b,1
Kepler-670 b,1
Kepler-671 b,1
Kepler-672 b,1
Kepler-673 b,1
Kepler-674 b,1
Kepler-675 b,1
Kepler-676 b,1
Kepler-677 b,1
Kepler-678 b,1
Kepler-679 b,1
Kepler-680 b,1
Kepler-681 b,1
Kepler-682 b,1
Kepler-683 b,1
Kepler-684 b,1
Kepler-685 b,1
Kepler-686 b,1
Kepler-687 b,1
Kepler-688 b,1
Kepler-689 b,1
Kepler-661 b,1
Kepler-66 b,1
Kepler-950 b,1
Kepler-659 b,1
Kepler-635 b,1
Kepler-637 b,1
Kepler-638 b,1
Kepler-639 b,1
Kepler-640 b,1
Kepler-641 b,1
Kepler-642 b,1
Kepler-643 b,1
Kepler-644 b,1
Kepler-645 b,1
Kepler-646 b,1
Kepler-647 b,1
Kepler-647 c,1
Kepler-648 b,1
Kepler-649 b,1
Kepler-65 b,1
Kepler-65 c,1
Kepler-65 d,1
Kepler-65 e,1
Kepler-650 b,1
Kepler-651 b,1
Kepler-652 b,1
Kepler-653 b,1
Kepler-1592 b,1
Kepler-654 b,1
Kepler-655 b,1
Kepler-656 b,1
Kepler-657 b,1
Kepler-658 b,1
Kepler-69 b,1
Kepler-69 c,1
Kepler-690 b,1
Kepler-691 b,1
Kepler-722 b,1
Kepler-722 c,1
Kepler-723 b,1
Kepler-724 b,1
Kepler-725 b,1
Kepler-726 b,1
Kepler-727 b,1
Kepler-728 b,1
Kepler-729 b,1
Kepler-730 b,1
Kepler-730 c,1
Kepler-731 b,1
Kepler-732 b,1
Kepler-732 c,1
Kepler-733 b,1
Kepler-734 b,1
Kepler-735 b,1
Kepler-736 b,1
Kepler-737 b,1
Kepler-738 b,1
Kepler-739 b,1
Kepler-74 b,1
Kepler-740 b,1
Kepler-741 b,1
Kepler-742 b,1
Kepler-744 b,1
Kepler-745 b,1
Kepler-746 b,1
Kepler-747 b,1
Kepler-721 b,1
Kepler-720 b,1
Kepler-719 b,1
Kepler-705 b,1
Kepler-692 b,1
Kepler-694 b,1
Kepler-695 b,1
Kepler-696 b,1
Kepler-697 b,1
Kepler-698 b,1
Kepler-699 b,1
Kepler-7 b,1
Kepler-700 b,1
Kepler-701 b,1
Kepler-702 b,1
Kepler-703 b,1
Kepler-704 b,1
Kepler-706 b,1
Kepler-718 b,1
Kepler-707 b,1
Kepler-708 b,1
Kepler-709 b,1
Kepler-710 b,1
Kepler-711 b,1
Kepler-712 b,1
Kepler-712 c,1
Kepler-713 b,1
Kepler-714 b,1
Kepler-715 b,1
Kepler-716 b,1
Kepler-716 c,1
Kepler-717 b,1
Kepler-634 b,1
Kepler-633 b,1
Kepler-632 b,1
Kepler-589 b,1
Kepler-564 b,1
Kepler-565 b,1
Kepler-566 b,1
Kepler-567 b,1
Kepler-568 b,1
Kepler-569 b,1
Kepler-57 b,1
Kepler-57 c,1
Kepler-570 b,1
Kepler-571 b,1
Kepler-572 b,1
Kepler-573 b,1
Kepler-574 b,1
Kepler-575 b,1
Kepler-576 b,1
Kepler-577 b,1
Kepler-578 b,1
Kepler-579 b,1
Kepler-58 b,1
Kepler-58 c,1
Kepler-58 d,1
Kepler-580 b,1
Kepler-581 b,1
Kepler-582 b,1
Kepler-583 b,1
Kepler-584 b,1
Kepler-585 b,1
Kepler-586 b,1
Kepler-587 b,1
Kepler-563 b,1
Kepler-562 b,1
Kepler-561 c,1
Kepler-55 f,1
Kepler-542 b,1
Kepler-543 b,1
Kepler-544 b,1
Kepler-545 b,1
Kepler-546 b,1
Kepler-547 b,1
Kepler-548 b,1
Kepler-549 b,1
Kepler-549 c,1
Kepler-55 b,1
Kepler-55 c,1
Kepler-55 d,1
Kepler-55 e,1
Kepler-550 b,1
Kepler-561 b,1
Kepler-551 b,1
Kepler-552 b,1
Kepler-553 b,1
Kepler-553 c,1
Kepler-554 b,1
Kepler-555 b,1
Kepler-556 b,1
Kepler-557 b,1
Kepler-558 b,1
Kepler-559 b,1
Kepler-56 b,1
Kepler-56 c,1
Kepler-56 d,1
Kepler-588 b,1
Kepler-59 b,1
Kepler-631 b,1
Kepler-59 c,1
Kepler-611 b,1
Kepler-612 b,1
Kepler-613 b,1
Kepler-614 b,1
Kepler-615 b,1
Kepler-616 b,1
Kepler-616 c,1
Kepler-617 b,1
Kepler-618 b,1
Kepler-619 b,1
Kepler-619 c,1
Kepler-62 b,1
Kepler-62 c,1
Kepler-62 d,1
Kepler-62 e,1
Kepler-62 f,1
Kepler-620 b,1
Kepler-621 b,1
Kepler-622 b,1
Kepler-623 b,1
Kepler-624 b,1
Kepler-625 b,1
Kepler-625 c,1
Kepler-626 b,1
Kepler-627 b,1
Kepler-628 b,1
Kepler-629 b,1
Kepler-63 b,1
Kepler-630 b,1
Kepler-610 c,1
Kepler-610 b,1
Kepler-61 b,1
Kepler-60 b,1
Kepler-590 b,1
Kepler-591 b,1
Kepler-592 b,1
Kepler-593 b,1
Kepler-594 b,1
Kepler-595 b,1
Kepler-595 c,1
Kepler-596 b,1
Kepler-597 b,1
Kepler-598 b,1
Kepler-598 c,1
Kepler-599 b,1
Kepler-6 b,1
Kepler-60 c,1
Kepler-609 b,1
Kepler-60 d,1
Kepler-600 b,1
Kepler-601 b,1
Kepler-602 b,1
Kepler-603 b,1
Kepler-603 c,1
Kepler-603 d,1
Kepler-604 b,1
Kepler-605 b,1
Kepler-605 c,1
Kepler-606 b,1
Kepler-607 b,1
Kepler-608 b,1
Kepler-748 b,1
Kepler-749 b,1
Kepler-75 b,1
Kepler-9 c,1
Kepler-873 b,1
Kepler-874 b,1
Kepler-875 b,1
Kepler-876 b,1
Kepler-877 b,1
Kepler-878 b,1
Kepler-879 b,1
Kepler-88 d,1
Kepler-880 b,1
Kepler-881 b,1
Kepler-882 b,1
Kepler-883 b,1
Kepler-884 b,1
Kepler-885 b,1
Kepler-886 b,1
Kepler-887 b,1
Kepler-887 c,1
Kepler-888 b,1
Kepler-889 b,1
Kepler-890 b,1
Kepler-891 b,1
Kepler-892 b,1
Kepler-893 b,1
Kepler-894 b,1
Kepler-895 b,1
Kepler-896 b,1
Kepler-897 b,1
Kepler-898 b,1
Kepler-899 b,1
Kepler-872 b,1
Kepler-871 b,1
Kepler-870 b,1
Kepler-856 b,1
Kepler-847 b,1
Kepler-848 b,1
Kepler-849 b,1
Kepler-85 b,1
Kepler-85 c,1
Kepler-85 d,1
Kepler-85 e,1
Kepler-850 b,1
Kepler-851 b,1
Kepler-852 b,1
Kepler-853 b,1
Kepler-854 b,1
Kepler-855 b,1
Kepler-857 b,1
Kepler-87 c,1
Kepler-858 b,1
Kepler-859 b,1
Kepler-860 b,1
Kepler-861 b,1
Kepler-862 b,1
Kepler-863 b,1
Kepler-864 b,1
Kepler-865 b,1
Kepler-866 b,1
Kepler-867 b,1
Kepler-868 b,1
Kepler-869 b,1
Kepler-87 b,1
Kepler-9 b,1
Kepler-9 d,1
Kepler-845 b,1
Kepler-90 i,1
Kepler-927 b,1
Kepler-928 b,1
Kepler-929 b,1
Kepler-93 b,1
Kepler-93 c,1
Kepler-930 b,1
Kepler-931 b,1
Kepler-932 b,1
Kepler-933 b,1
Kepler-934 b,1
Kepler-935 b,1
Kepler-936 b,1
Kepler-937 b,1
Kepler-937 c,1
Kepler-938 b,1
Kepler-939 b,1
Kepler-94 b,1
Kepler-94 c,1
Kepler-940 b,1
Kepler-941 b,1
Kepler-942 b,1
Kepler-943 b,1
Kepler-944 b,1
Kepler-945 b,1
Kepler-946 b,1
Kepler-947 b,1
Kepler-948 b,1
Kepler-949 b,1
Kepler-95 b,1
Kepler-926 b,1
Kepler-925 b,1
Kepler-924 b,1
Kepler-912 b,1
Kepler-900 b,1
Kepler-901 b,1
Kepler-902 b,1
Kepler-903 b,1
Kepler-903 c,1
Kepler-904 b,1
Kepler-905 b,1
Kepler-906 b,1
Kepler-907 b,1
Kepler-909 b,1
Kepler-91 b,1
Kepler-910 b,1
Kepler-911 b,1
Kepler-913 b,1
Kepler-923 b,1
Kepler-914 b,1
Kepler-915 b,1
Kepler-916 b,1
Kepler-917 b,1
Kepler-918 b,1
Kepler-919 b,1
Kepler-92 b,1
Kepler-92 c,1
Kepler-92 d,1
Kepler-920 b,1
Kepler-920 c,1
Kepler-921 b,1
Kepler-922 b,1
Kepler-846 b,1
Kepler-844 b,1
Kepler-750 b,1
Kepler-80 b,1
Kepler-774 b,1
Kepler-775 b,1
Kepler-776 b,1
Kepler-777 b,1
Kepler-778 b,1
Kepler-780 b,1
Kepler-781 b,1
Kepler-782 b,1
Kepler-783 b,1
Kepler-783 c,1
Kepler-784 b,1
Kepler-785 b,1
Kepler-786 b,1
Kepler-787 b,1
Kepler-788 b,1
Kepler-789 b,1
Kepler-79 b,1
Kepler-79 c,1
Kepler-79 d,1
Kepler-79 e,1
Kepler-790 b,1
Kepler-791 b,1
Kepler-792 b,1
Kepler-793 b,1
Kepler-794 b,1
Kepler-796 b,1
Kepler-797 b,1
Kepler-798 b,1
Kepler-799 b,1
Kepler-773 b,1
Kepler-772 b,1
Kepler-771 b,1
Kepler-760 b,1
Kepler-750 c,1
Kepler-751 b,1
Kepler-752 b,1
Kepler-753 b,1
Kepler-754 b,1
Kepler-756 b,1
Kepler-757 b,1
Kepler-758 b,1
Kepler-758 c,1
Kepler-758 d,1
Kepler-758 e,1
Kepler-759 b,1
Kepler-76 b,1
Kepler-760 c,1
Kepler-770 d,1
Kepler-761 b,1
Kepler-762 b,1
Kepler-763 b,1
Kepler-764 b,1
Kepler-765 b,1
Kepler-766 b,1
Kepler-767 b,1
Kepler-768 b,1
Kepler-769 b,1
Kepler-769 c,1
Kepler-77 b,1
Kepler-770 b,1
Kepler-770 c,1
Kepler-8 b,1
Kepler-80 c,1
Kepler-843 b,1
Kepler-80 d,1
Kepler-820 b,1
Kepler-821 b,1
Kepler-822 b,1
Kepler-823 b,1
Kepler-824 b,1
Kepler-825 b,1
Kepler-825 c,1
Kepler-826 b,1
Kepler-827 b,1
Kepler-828 b,1
Kepler-829 b,1
Kepler-830 b,1
Kepler-831 b,1
Kepler-832 b,1
Kepler-833 b,1
Kepler-834 b,1
Kepler-835 b,1
Kepler-836 b,1
Kepler-837 b,1
Kepler-838 b,1
Kepler-839 b,1
Kepler-84 b,1
Kepler-84 c,1
Kepler-84 d,1
Kepler-84 e,1
Kepler-84 f,1
Kepler-840 b,1
Kepler-841 b,1
Kepler-842 b,1
Kepler-82 f,1
Kepler-82 e,1
Kepler-82 d,1
Kepler-809 b,1
Kepler-80 e,1
Kepler-80 f,1
Kepler-80 g,1
Kepler-800 b,1
Kepler-801 b,1
Kepler-802 b,1
Kepler-803 b,1
Kepler-804 b,1
Kepler-804 c,1
Kepler-805 b,1
Kepler-806 b,1
Kepler-807 b,1
Kepler-808 b,1
Kepler-81 b,1
Kepler-82 c,1
Kepler-81 c,1
Kepler-81 d,1
Kepler-810 b,1
Kepler-811 b,1
Kepler-812 b,1
Kepler-813 b,1
Kepler-814 b,1
Kepler-815 b,1
Kepler-816 b,1
Kepler-817 b,1
Kepler-818 b,1
Kepler-819 b,1
Kepler-82 b,1
Kepler-1593 b,1
Kepler-1497 b,1
Kepler-1591 b,1
HD 3651 b,1
HD 331093 b,1
HD 33142 b,1
HD 33142 c,1
HD 332231 b,1
HD 33564 b,1
HD 33844 b,1
HD 33844 c,1
HD 34445 b,1
HD 34445 c,1
HD 34445 d,1
HD 34445 e,1
HD 34445 f,1
HD 34445 g,1
HD 35759 b,1
HD 37124 b,1
HD 32963 b,1
HD 37124 c,1
HD 37124 d,1
HD 37605 b,1
HD 37605 c,1
HD 3765 b,1
HD 38283 b,1
HD 38801 b,1
HD 39091 b,1
HD 39194 b,1
HD 39194 c,1
HD 39194 d,1
HD 39855 b,1
HD 40307 b,1
HD 40307 c,1
HD 330075 b,1
HD 32518 b,1
HD 40307 f,1
HD 285968 b,1
HD 24040 c,1
HD 24064 b,1
HD 24085 b,1
HD 25015 b,1
HD 25723 b,1
HD 26161 b,1
HD 2685 b,1
HD 27631 b,1
HD 27894 b,1
HD 27894 c,1
HD 27894 d,1
HD 27969 b,1
HD 28185 b,1
HD 285507 b,1
HD 28678 b,1
HD 3167 d,1
HD 29021 b,1
HD 290327 b,1
HD 29399 b,1
HD 2952 b,1
HD 30177 b,1
HD 30177 c,1
HD 30562 b,1
HD 30669 b,1
HD 31253 b,1
HD 31527 b,1
HD 31527 c,1
HD 31527 d,1
HD 3167 b,1
HD 3167 c,1
HD 40307 d,1
HD 40307 g,1
Kepler-1590 b,1
HD 63935 c,1
HD 55696 b,1
HD 5583 b,1
HD 5608 b,1
HD 564 b,1
HD 5891 b,1
HD 60292 b,1
HD 60532 b,1
HD 60532 c,1
HD 62509 b,1
HD 63433 b,1
HD 63433 c,1
HD 63454 b,1
HD 63765 b,1
HD 63935 b,1
HD 64114 b,1
HD 5319 b,1
HD 6434 b,1
HD 66141 b,1
HD 66428 b,1
HD 66428 c,1
HD 67087 b,1
HD 67087 c,1
HD 6718 b,1
HD 68402 b,1
HD 68988 b,1
HD 68988 c,1
HD 69830 b,1
HD 69830 c,1
HD 69830 d,1
HD 70573 b,1
HD 5319 c,1
HD 5278 c,1
HD 40956 b,1
HD 45652 b,1
HD 42012 b,1
HD 4203 b,1
HD 4203 c,1
HD 4208 b,1
HD 42618 b,1
HD 4308 b,1
HD 4313 b,1
HD 43197 b,1
HD 44219 b,1
HD 45184 b,1
HD 45184 c,1
HD 45350 b,1
HD 45364 b,1
HD 45364 c,1
HD 47186 b,1
HD 5278 b,1
HD 47186 c,1
HD 47366 b,1
HD 47366 c,1
HD 47536 b,1
HD 4760 b,1
HD 48265 b,1
HD 4917 b,1
HD 49674 b,1
HD 50499 b,1
HD 50499 c,1
HD 50554 b,1
HD 51608 b,1
HD 51608 c,1
HD 52265 b,1
HD 24040 b,1
HD 240237 b,1
HD 240210 b,1
HD 200964 c,1
HD 190007 b,1
HD 190647 b,1
HD 190984 b,1
HD 191806 b,1
HD 191939 b,1
HD 191939 c,1
HD 191939 d,1
HD 192263 b,1
HD 192310 b,1
HD 192310 c,1
HD 192699 b,1
HD 20003 b,1
HD 20003 c,1
HD 200964 b,1
HD 202696 b,1
HD 189567 b,1
HD 202696 c,1
HD 203030 b,1
HD 203473 b,1
HD 2039 b,1
HD 204313 b,1
HD 204313 c,1
HD 205739 b,1
HD 206255 b,1
HD 206610 b,1
HD 207897 b,1
HD 20794 b,1
HD 20794 c,1
HD 20794 d,1
HD 20794 e,1
HD 189567 c,1
HD 18742 b,1
HD 238914 b,1
HD 179079 b,1
HD 169830 b,1
HD 169830 c,1
HD 17092 b,1
HD 171028 b,1
HD 171238 b,1
HD 17156 b,1
HD 173416 b,1
HD 175167 b,1
HD 175541 b,1
HD 175607 b,1
HD 17674 b,1
HD 176986 b,1
HD 176986 c,1
HD 177565 b,1
HD 179949 b,1
HD 187123 c,1
HD 180053 b,1
HD 18015 b,1
HD 180314 b,1
HD 181234 b,1
HD 181342 b,1
HD 181433 b,1
HD 181433 c,1
HD 181433 d,1
HD 181720 b,1
HD 183263 b,1
HD 183263 c,1
HD 183579 b,1
HD 187085 b,1
HD 187123 b,1
HD 208487 b,1
HD 208527 b,1
HD 20868 b,1
HD 221416 b,1
HD 219134 c,1
HD 219134 d,1
HD 219134 f,1
HD 219134 g,1
HD 219134 h,1
HD 219415 b,1
HD 219666 b,1
HD 219828 b,1
HD 219828 c,1
HD 220074 b,1
HD 220197 b,1
HD 220689 b,1
HD 220773 b,1
HD 221287 b,1
HD 221420 b,1
HD 208897 b,1
HD 221585 b,1
HD 222076 b,1
HD 222155 b,1
HD 224538 b,1
HD 224693 b,1
HD 22496 b,1
HD 22781 b,1
HD 23079 b,1
HD 23127 b,1
HD 231701 b,1
HD 233604 b,1
HD 23472 b,1
HD 23472 c,1
HD 238090 b,1
HD 219134 b,1
HD 219077 b,1
HD 218566 b,1
HD 217850 b,1
HD 209458 b,1
HD 210193 b,1
HD 210277 b,1
HD 210702 b,1
HD 211403 b,1
HD 211810 b,1
HD 211970 b,1
HD 212771 b,1
HD 213472 b,1
HD 213885 b,1
HD 213885 c,1
HD 21411 b,1
HD 215152 b,1
HD 215152 c,1
HD 215152 d,1
HD 215152 e,1
HD 215497 b,1
HD 215497 c,1
HD 216435 b,1
HD 216437 b,1
HD 216520 b,1
HD 216520 c,1
HD 216536 b,1
HD 216770 b,1
HD 21693 b,1
HD 21693 c,1
HD 217107 b,1
HD 217107 c,1
HD 21749 c,1
HD 70642 b,1
HD 7199 b,1
HD 72490 b,1
K2-154 c,1
K2-139 b,1
K2-14 b,1
K2-140 b,1
K2-141 b,1
K2-141 c,1
K2-146 b,1
K2-146 c,1
K2-147 b,1
K2-149 b,1
K2-15 b,1
K2-150 b,1
K2-152 b,1
K2-153 b,1
K2-154 b,1
K2-155 b,1
K2-138 f,1
K2-155 c,1
K2-155 d,1
K2-156 b,1
K2-157 b,1
K2-158 b,1
K2-158 c,1
K2-159 b,1
K2-16 b,1
K2-16 c,1
K2-160 b,1
K2-161 b,1
K2-162 b,1
K2-163 b,1
K2-164 b,1
K2-138 g,1
K2-138 e,1
K2-110 b,1
K2-125 b,1
K2-111 c,1
K2-113 b,1
K2-114 b,1
K2-115 b,1
K2-116 b,1
K2-117 b,1
K2-117 c,1
K2-118 b,1
K2-119 b,1
K2-12 b,1
K2-120 b,1
K2-121 b,1
K2-123 b,1
K2-124 b,1
K2-126 b,1
K2-138 d,1
K2-127 b,1
K2-128 b,1
K2-129 b,1
K2-13 b,1
K2-130 b,1
K2-131 b,1
K2-132 b,1
K2-133 b,1
K2-133 c,1
K2-133 d,1
K2-133 e,1
K2-137 b,1
K2-138 b,1
K2-138 c,1
K2-165 b,1
K2-165 c,1
K2-165 d,1
K2-196 b,1
K2-188 c,1
K2-189 b,1
K2-189 c,1
K2-19 b,1
K2-19 c,1
K2-19 d,1
K2-190 b,1
K2-190 c,1
K2-191 b,1
K2-192 b,1
K2-193 b,1
K2-194 b,1
K2-195 b,1
K2-195 c,1
K2-197 b,1
K2-166 b,1
K2-198 b,1
K2-198 c,1
K2-198 d,1
K2-199 b,1
K2-199 c,1
K2-200 b,1
K2-201 b,1
K2-201 c,1
K2-202 b,1
K2-203 b,1
K2-204 b,1
K2-205 b,1
K2-206 b,1
K2-207 b,1
K2-188 b,1
K2-187 e,1
K2-187 d,1
K2-187 c,1
K2-167 b,1
K2-168 b,1
K2-169 b,1
K2-17 b,1
K2-170 b,1
K2-170 c,1
K2-171 b,1
K2-172 b,1
K2-172 c,1
K2-173 b,1
K2-174 b,1
K2-175 b,1
K2-176 b,1
K2-177 b,1
K2-178 b,1
K2-179 b,1
K2-18 b,1
K2-18 c,1
K2-180 b,1
K2-181 b,1
K2-182 b,1
K2-183 b,1
K2-183 c,1
K2-183 d,1
K2-184 b,1
K2-185 b,1
K2-185 c,1
K2-186 b,1
K2-187 b,1
K2-111 b,1
K2-11 b,1
HD 72659 b,1
HD 94834 b,1
HD 88133 b,1
HD 89307 b,1
HD 89345 b,1
HD 90156 b,1
HD 9174 b,1
HD 92788 b,1
HD 92788 c,1
HD 92987 b,1
HD 93083 b,1
HD 93385 b,1
HD 93385 c,1
HD 93385 d,1
HD 9446 b,1
HD 9446 c,1
HD 95086 b,1
HD 86950 b,1
HD 95089 b,1
HD 95089 c,1
HD 95127 b,1
HD 95338 b,1
HD 95544 b,1
HD 95735 c,1
HD 95872 b,1
HD 96063 b,1
HD 96127 b,1
HD 96700 b,1
HD 96700 c,1
HD 96700 d,1
HD 96992 b,1
HD 97048 b,1
HD 87883 b,1
HD 86264 b,1
K2-108 b,1
HD 7924 c,1
HD 72892 b,1
HD 73267 b,1
HD 73526 b,1
HD 73526 c,1
HD 73534 b,1
HD 74156 b,1
HD 74156 c,1
HD 75784 b,1
HD 75784 c,1
HD 75898 b,1
HD 76700 b,1
HD 76920 b,1
HD 77338 b,1
HD 7924 b,1
HD 7924 d,1
HD 86226 c,1
HD 80653 b,1
HD 80869 b,1
HD 81040 b,1
HD 81688 b,1
HD 81817 b,1
HD 82886 b,1
HD 82943 b,1
HD 82943 c,1
HD 8326 b,1
HD 83443 b,1
HD 85390 b,1
HD 85512 b,1
HD 8574 b,1
HD 86226 b,1
HD 97658 b,1
HD 98219 b,1
HD 98649 b,1
HIP 97233 b,1
HIP 65891 b,1
HIP 67522 b,1
HIP 67537 b,1
HIP 67851 b,1
HIP 67851 c,1
HIP 71135 b,1
HIP 74890 b,1
HIP 75092 b,1
HIP 78530 b,1
HIP 79431 b,1
HIP 90988 b,1
HIP 91258 b,1
HIP 97166 b,1
HIP 97166 c,1
HN Peg b,1
HD 99109 b,1
HR 2562 b,1
HR 810 b,1
HR 8799 b,1
HR 8799 c,1
HR 8799 d,1
HR 8799 e,1
IC 4651 9122 b,1
K2-10 b,1
K2-100 b,1
K2-101 b,1
K2-102 b,1
K2-104 b,1
K2-105 b,1
K2-107 b,1
HIP 65426 b,1
HIP 65407 c,1
HIP 65407 b,1
HIP 63242 b,1
HD 99706 b,1
HD 99706 c,1
HIP 105854 b,1
HIP 107772 b,1
HIP 107773 b,1
HIP 109384 b,1
HIP 114933 b,1
HIP 12961 b,1
HIP 14810 b,1
HIP 14810 c,1
HIP 14810 d,1
HIP 35173 b,1
HIP 38594 b,1
HIP 38594 c,1
HIP 41378 b,1
HIP 41378 c,1
HIP 41378 d,1
HIP 41378 e,1
HIP 41378 f,1
HIP 4845 b,1
HIP 48714 b,1
HIP 5158 b,1
HIP 5158 c,1
HIP 54373 b,1
HIP 54373 c,1
HIP 56640 b,1
HIP 57274 b,1
HIP 57274 c,1
HIP 57274 d,1
HD 1690 b,1
HD 168746 b,1
HD 168443 c,1
GJ 3470 b,1
GJ 3082 b,1
GJ 3138 b,1
GJ 3138 c,1
GJ 3138 d,1
GJ 317 b,1
GJ 317 c,1
GJ 328 b,1
GJ 3293 b,1
GJ 3293 c,1
GJ 3293 d,1
GJ 3293 e,1
GJ 3323 b,1
GJ 3323 c,1
GJ 3341 b,1
GJ 3512 b,1
GJ 273 b,1
GJ 357 b,1
GJ 357 c,1
GJ 357 d,1
GJ 3634 b,1
GJ 3779 b,1
GJ 393 b,1
GJ 3942 b,1
GJ 3998 b,1
GJ 3998 c,1
GJ 411 b,1
GJ 422 b,1
GJ 4276 b,1
GJ 433 b,1
GJ 433 c,1
GJ 273 c,1
GJ 27.1 b,1
EPIC 220674823 b,1
GJ 1148 b,1
EPIC 228836835 b,1
EPIC 248847494 b,1
EPIC 249893012 b,1
EPIC 249893012 c,1
EPIC 249893012 d,1
FU Tau b,1
G 264-012 b,1
G 264-012 c,1
G 9-40 b,1
GJ 1061 b,1
GJ 1061 c,1
GJ 1061 d,1
GJ 1132 b,1
GJ 1132 c,1
GJ 1148 c,1
GJ 251 b,1
GJ 1151 b,1
GJ 1214 b,1
GJ 1252 b,1
GJ 1265 b,1
GJ 143 b,1
GJ 160.2 b,1
GJ 163 b,1
GJ 163 c,1
GJ 163 d,1
GJ 179 b,1
GJ 180 b,1
GJ 180 c,1
GJ 180 d,1
GJ 2056 b,1
GJ 433 d,1
GJ 436 b,1
GJ 480 b,1
HAT-P-2 b,1
GSC 06214-00210 b,1
GU Psc b,1
Gl 378 b,1
Gl 686 b,1
HAT-P-11 b,1
HAT-P-11 c,1
HAT-P-12 b,1
HAT-P-13 b,1
HAT-P-13 c,1
HAT-P-15 b,1
HAT-P-17 b,1
HAT-P-17 c,1
HAT-P-18 b,1
HAT-P-19 b,1
HAT-P-20 b,1
GJ 486 b,1
HAT-P-21 b,1
HAT-P-23 b,1
HAT-P-25 b,1
HAT-P-26 b,1
HAT-P-28 b,1
HAT-P-31 b,1
HAT-P-34 b,1
HAT-P-36 b,1
HAT-P-37 b,1
HAT-P-38 b,1
HAT-P-40 b,1
HAT-P-42 b,1
HAT-P-43 b,1
HAT-P-44 b,1
GQ Lup b,1
GPX-1 b,1
GJ 9827 d,1
GJ 9827 c,1
GJ 504 b,1
GJ 536 b,1
GJ 581 b,1
GJ 581 c,1
GJ 581 e,1
GJ 625 b,1
GJ 649 b,1
GJ 674 b,1
GJ 682 b,1
GJ 682 c,1
GJ 685 b,1
GJ 687 b,1
GJ 687 c,1
GJ 740 b,1
GJ 832 b,1
GJ 832 c,1
GJ 849 b,1
GJ 849 c,1
GJ 876 b,1
GJ 876 c,1
GJ 876 d,1
GJ 876 e,1
GJ 887 b,1
GJ 887 c,1
GJ 9066 b,1
GJ 9066 c,1
GJ 96 b,1
GJ 9689 b,1
GJ 9827 b,1
EPIC 220674823 c,1
EPIC 220554210 c,1
HAT-P-45 b,1
BD-08 2823 c,1
BD+20 2457 b,1
BD+20 2457 c,1
BD+20 274 b,1
BD+20 594 b,1
BD+45 564 b,1
BD+48 738 b,1
BD+48 740 b,1
BD+49 828 b,1
BD+55 362 b,1
BD+63 1405 b,1
BD-00 4475 b,1
BD-06 1339 b,1
BD-06 1339 c,1
BD-08 2823 b,1
BD-10 3166 b,1
BD+15 2375 b,1
BD-11 4672 b,1
BD-11 4672 c,1
BD-13 2130 b,1
BD-17 63 b,1
CD Cet b,1
CFBDSIR J145829+101343 b,1
CFHTWIR-Oph 98 b,1
CHXR 73 b,1
CI Tau b,1
COCONUTS-2 b,1
CT Cha b,1
CoRoT-1 b,1
CoRoT-10 b,1
CoRoT-11 b,1
BD+15 2940 b,1
BD+14 4559 b,1
EPIC 220492298 b,1
47 UMa b,1
14 And b,1
14 Her b,1
17 Sco b,1
1RXS J160929.1-210524 b,1
24 Boo b,1
24 Sex b,1
24 Sex c,1
2MASS J01225093-2439505 b,1
2MASS J02192210-3925225 b,1
2MASS J04414489+2301513 b,1
2MASS J12073346-3932539 b,1
2MASS J21402931+1625183 A b,1
2MASS J22362452+4751425 b,1
4 UMa b,1
47 UMa c,1
BD+03 2562 b,1
47 UMa d,1
51 Peg b,1
6 Lyn b,1
61 Vir b,1
61 Vir c,1
61 Vir d,1
7 CMa b,1
7 CMa c,1
70 Vir b,1
8 UMi b,1
81 Cet b,1
AB Pic b,1
AU Mic b,1
AU Mic c,1
CoRoT-12 b,1
CoRoT-13 b,1
CoRoT-14 b,1
EPIC 206042996 b,1
EPIC 201238110 b,1
EPIC 201427007 b,1
EPIC 201497682 b,1
EPIC 201595106 b,1
EPIC 201615463 c,1
EPIC 201754305 d,1
EPIC 201757695.02,1
EPIC 201833600 c,1
EPIC 201841433 b,1
EPIC 205950854 c,1
EPIC 206024342 b,1
EPIC 206024342 c,1
EPIC 206024342 d,1
EPIC 206032309 b,1
EPIC 206042996 c,1
CoRoT-16 b,1
EPIC 206215704 b,1
EPIC 206317286 b,1
EPIC 211822797 b,1
EPIC 211945201 b,1
EPIC 212297394 b,1
EPIC 212297394 c,1
EPIC 212424622 b,1
EPIC 212499991 b,1
EPIC 212587672 b,1
EPIC 212587672 c,1
EPIC 212624936 b,1
EPIC 212624936 c,1
EPIC 212737443 b,1
EPIC 212737443 c,1
EPIC 201170410.02,1
DMPP-2 b,1
DMPP-1 e,1
DMPP-1 d,1
CoRoT-17 b,1
CoRoT-18 b,1
CoRoT-19 b,1
CoRoT-20 b,1
CoRoT-20 c,1
CoRoT-21 b,1
CoRoT-22 b,1
CoRoT-23 b,1
CoRoT-24 b,1
CoRoT-24 c,1
CoRoT-25 b,1
CoRoT-26 b,1
CoRoT-27 b,1
CoRoT-28 b,1
CoRoT-29 b,1
CoRoT-3 b,1
CoRoT-30 b,1
CoRoT-31 b,1
CoRoT-4 b,1
CoRoT-5 b,1
CoRoT-6 b,1
CoRoT-7 b,1
CoRoT-7 c,1
CoRoT-8 b,1
CoRoTID 223977153 b,1
DENIS-P J082303.1-491201 b,1
DH Tau b,1
DMPP-1 b,1
DMPP-1 c,1
HAT-P-44 c,1
HAT-P-46 b,1
HD 168443 b,1
HD 13908 b,1
HD 134060 b,1
HD 134060 c,1
HD 134987 b,1
HD 134987 c,1
HD 136352 b,1
HD 136352 c,1
HD 136352 d,1
HD 136418 b,1
HD 136925 b,1
HD 137388 b,1
HD 137496 b,1
HD 137496 c,1
HD 13808 b,1
HD 13808 c,1
HD 13908 c,1
HD 13189 b,1
HD 13931 b,1
HD 139357 b,1
HD 1397 b,1
HD 14067 b,1
HD 141004 b,1
HD 141399 b,1
HD 141399 c,1
HD 141399 d,1
HD 141399 e,1
HD 141937 b,1
HD 142415 b,1
HD 143105 b,1
HD 143361 b,1
HD 145377 b,1
HD 132406 b,1
HD 13167 b,1
HD 112640 b,1
HD 120084 b,1
HD 113538 b,1
HD 113538 c,1
HD 114386 b,1
HD 114613 b,1
HD 114783 b,1
HD 114783 c,1
HD 11506 b,1
HD 11506 c,1
HD 115954 b,1
HD 117207 b,1
HD 11755 b,1
HD 117618 b,1
HD 118203 b,1
HD 11977 b,1
HD 121504 b,1
HD 131664 b,1
HD 124330 b,1
HD 12484 b,1
HD 125390 b,1
HD 125595 b,1
HD 12648 b,1
HD 126525 b,1
HD 12661 b,1
HD 12661 c,1
HD 128311 b,1
HD 128311 c,1
HD 128356 b,1
HD 129445 b,1
HD 130322 b,1
HD 131496 b,1
HD 145457 b,1
HD 145675 c,1
HD 145934 b,1
HD 160691 d,1
HD 158259 b,1
HD 158259 c,1
HD 158259 d,1
HD 158259 e,1
HD 158259 f,1
HD 158996 b,1
HD 159243 b,1
HD 159243 c,1
HD 159868 b,1
HD 159868 c,1
HD 1605 b,1
HD 1605 c,1
HD 160691 b,1
HD 160691 c,1
HD 160691 e,1
HD 1461 b,1
HD 16175 b,1
HD 162020 b,1
HD 163607 b,1
HD 163607 c,1
HD 164604 b,1
HD 164922 b,1
HD 164922 c,1
HD 164922 d,1
HD 164922 e,1
HD 165155 b,1
HD 1666 b,1
HD 166724 b,1
HD 167042 b,1
HD 168009 b,1
HD 158038 b,1
HD 156668 c,1
HD 156668 b,1
HD 156411 b,1
HD 1461 c,1
HD 147018 b,1
HD 147018 c,1
HD 14787 b,1
HD 148156 b,1
HD 148164 b,1
HD 148164 c,1
HD 148427 b,1
HD 149026 b,1
HD 149143 b,1
HD 1502 b,1
HD 150706 b,1
HD 152079 b,1
HD 152581 b,1
HD 152843 b,1
HD 152843 c,1
HD 15337 b,1
HD 15337 c,1
HD 153950 b,1
HD 154088 b,1
HD 154345 b,1
HD 154672 b,1
HD 154857 b,1
HD 154857 c,1
HD 155193 b,1
HD 155358 b,1
HD 155358 c,1
HD 156279 b,1
HD 156279 c,1
HD 113337 b,1
HD 111998 b,1
HAT-P-49 b,1
HATS-38 b,1
HATS-23 b,1
HATS-24 b,1
HATS-25 b,1
HATS-26 b,1
HATS-27 b,1
HATS-28 b,1
HATS-29 b,1
HATS-3 b,1
HATS-31 b,1
HATS-32 b,1
HATS-33 b,1
HATS-34 b,1
HATS-35 b,1
HATS-36 b,1
HATS-39 b,1
HATS-2 b,1
HATS-4 b,1
HATS-40 b,1
HATS-41 b,1
HATS-42 b,1
HATS-43 b,1
HATS-44 b,1
HATS-45 b,1
HATS-46 b,1
HATS-47 b,1
HATS-49 b,1
HATS-5 b,1
HATS-50 b,1
HATS-51 b,1
HATS-52 b,1
HATS-22 b,1
HATS-18 b,1
HD 111591 b,1
HAT-P-63 b,1
HAT-P-5 b,1
HAT-P-50 b,1
HAT-P-51 b,1
HAT-P-52 b,1
HAT-P-53 b,1
HAT-P-54 b,1
HAT-P-55 b,1
HAT-P-56 b,1
HAT-P-58 b,1
HAT-P-59 b,1
HAT-P-6 b,1
HAT-P-60 b,1
HAT-P-61 b,1
HAT-P-62 b,1
HAT-P-64 b,1
HATS-17 b,1
HAT-P-65 b,1
HAT-P-66 b,1
HAT-P-68 b,1
HAT-P-69 b,1
HAT-P-70 b,1
HAT-P-9 b,1
HATS-1 b,1
HATS-10 b,1
HATS-11 b,1
HATS-12 b,1
HATS-13 b,1
HATS-14 b,1
HATS-15 b,1
HATS-16 b,1
HATS-53 b,1
HATS-54 b,1
HATS-55 b,1
HD 108236 b,1
HD 103197 b,1
HD 103720 b,1
HD 103949 b,1
HD 104067 b,1
HD 10442 b,1
HD 104985 b,1
HD 106252 b,1
HD 106270 b,1
HD 106315 b,1
HD 106315 c,1
HD 10647 b,1
HD 106906 b,1
HD 10697 b,1
HD 108147 b,1
HD 108236 c,1
HATS-56 b,1
HD 108236 d,1
HD 108236 e,1
HD 108236 f,1
HD 108863 b,1
HD 108874 b,1
HD 108874 c,1
HD 109246 b,1
HD 109271 b,1
HD 109271 c,1
HD 109286 b,1
HD 110014 b,1
HD 110113 b,1
HD 110113 c,1
HD 111232 b,1
HD 102843 b,1
HD 102329 c,1
HD 102329 b,1
HD 102272 b,1
HATS-57 b,1
HATS-59 b,1
HATS-59 c,1
HATS-6 b,1
HATS-60 b,1
HATS-61 b,1
HATS-62 b,1
HATS-63 b,1
HATS-64 b,1
HATS-66 b,1
HATS-67 b,1
HATS-68 b,1
HATS-69 b,1
HATS-7 b,1
HATS-70 b,1
HATS-71 b,1
HATS-72 b,1
HATS-8 b,1
HATS-9 b,1
HD 100546 b,1
HD 100777 b,1
HD 10180 c,1
HD 10180 d,1
HD 10180 e,1
HD 10180 f,1
HD 10180 g,1
HD 10180 h,1
HD 102117 b,1
HD 102195 b,1
K2-208 b,1
K2-209 b,1
K2-21 b,1
Kepler-1314 b,1
Kepler-1303 b,1
Kepler-1304 b,1
Kepler-1305 b,1
Kepler-1306 b,1
Kepler-1307 b,1
Kepler-1308 b,1
Kepler-1309 b,1
Kepler-131 b,1
Kepler-131 c,1
Kepler-1310 b,1
Kepler-1311 b,1
Kepler-1311 c,1
Kepler-1312 b,1
Kepler-1313 b,1
Kepler-1315 b,1
Kepler-1301 b,1
Kepler-1316 b,1
Kepler-1317 b,1
Kepler-1318 b,1
Kepler-1320 b,1
Kepler-1321 b,1
Kepler-1321 c,1
Kepler-1322 b,1
Kepler-1323 b,1
Kepler-1324 b,1
Kepler-1325 b,1
Kepler-1326 b,1
Kepler-1327 b,1
Kepler-1328 b,1
Kepler-1329 b,1
Kepler-1302 b,1
Kepler-1300 b,1
Kepler-1272 b,1
Kepler-1286 b,1
Kepler-1274 b,1
Kepler-1275 b,1
Kepler-1276 b,1
Kepler-1277 b,1
Kepler-1278 b,1
Kepler-1279 b,1
Kepler-128 b,1
Kepler-128 c,1
Kepler-1280 b,1
Kepler-1281 b,1
Kepler-1282 b,1
Kepler-1283 b,1
Kepler-1284 b,1
Kepler-1285 b,1
Kepler-1287 b,1
Kepler-1299 b,1
Kepler-1288 b,1
Kepler-1289 b,1
Kepler-129 b,1
Kepler-129 c,1
Kepler-129 d,1
Kepler-1290 b,1
Kepler-1291 b,1
Kepler-1292 b,1
Kepler-1293 b,1
Kepler-1294 b,1
Kepler-1295 b,1
Kepler-1296 b,1
Kepler-1297 b,1
Kepler-1298 b,1
Kepler-133 b,1
Kepler-133 c,1
Kepler-1330 b,1
Kepler-1370 c,1
Kepler-1360 b,1
Kepler-1361 b,1
Kepler-1362 b,1
Kepler-1363 b,1
Kepler-1364 b,1
Kepler-1365 b,1
Kepler-1365 c,1
Kepler-1366 b,1
Kepler-1367 b,1
Kepler-1368 b,1
Kepler-1369 b,1
Kepler-137 b,1
Kepler-137 c,1
Kepler-1370 b,1
Kepler-1371 b,1
Kepler-1331 b,1
Kepler-1371 c,1
Kepler-1372 b,1
Kepler-1373 b,1
Kepler-1374 b,1
Kepler-1375 b,1
Kepler-1376 b,1
Kepler-1377 b,1
Kepler-1378 b,1
Kepler-1379 b,1
Kepler-138 b,1
Kepler-138 c,1
Kepler-138 d,1
Kepler-1380 b,1
Kepler-1381 b,1
Kepler-1359 b,1
Kepler-1358 b,1
Kepler-1357 b,1
Kepler-1356 b,1
Kepler-1332 b,1
Kepler-1333 b,1
Kepler-1334 b,1
Kepler-1335 b,1
Kepler-1336 b,1
Kepler-1336 c,1
Kepler-1337 b,1
Kepler-1338 b,1
Kepler-1339 b,1
Kepler-134 b,1
Kepler-134 c,1
Kepler-1340 b,1
Kepler-1342 b,1
Kepler-1343 b,1
Kepler-1344 b,1
Kepler-1345 b,1
Kepler-1346 b,1
Kepler-1347 b,1
Kepler-1348 b,1
Kepler-1349 b,1
Kepler-135 b,1
Kepler-135 c,1
Kepler-1350 b,1
Kepler-1350 c,1
Kepler-1351 b,1
Kepler-1352 b,1
Kepler-1353 b,1
Kepler-1354 b,1
Kepler-1355 b,1
Kepler-1273 b,1
Kepler-1271 b,1
Kepler-1383 b,1
Kepler-121 b,1
Kepler-1199 b,1
Kepler-12 b,1
Kepler-120 b,1
Kepler-120 c,1
Kepler-1200 b,1
Kepler-1201 b,1
Kepler-1202 b,1
Kepler-1203 b,1
Kepler-1204 b,1
Kepler-1205 b,1
Kepler-1206 b,1
Kepler-1207 b,1
Kepler-1208 b,1
Kepler-1209 b,1
Kepler-121 c,1
Kepler-1197 b,1
Kepler-1210 b,1
Kepler-1211 b,1
Kepler-1212 b,1
Kepler-1213 b,1
Kepler-1214 b,1
Kepler-1215 b,1
Kepler-1216 b,1
Kepler-1217 b,1
Kepler-1218 b,1
Kepler-1219 b,1
Kepler-122 b,1
Kepler-122 c,1
Kepler-122 d,1
Kepler-122 e,1
Kepler-1198 b,1
Kepler-1196 b,1
Kepler-1270 b,1
Kepler-1181 b,1
Kepler-117 c,1
Kepler-1170 b,1
Kepler-1171 b,1
Kepler-1172 b,1
Kepler-1173 b,1
Kepler-1174 b,1
Kepler-1175 b,1
Kepler-1176 b,1
Kepler-1177 b,1
Kepler-1178 b,1
Kepler-1179 b,1
Kepler-118 b,1
Kepler-118 c,1
Kepler-1180 b,1
Kepler-1182 b,1
Kepler-1195 b,1
Kepler-1183 b,1
Kepler-1184 b,1
Kepler-1185 b,1
Kepler-1186 b,1
Kepler-1187 b,1
Kepler-1188 b,1
Kepler-1189 b,1
Kepler-119 b,1
Kepler-119 c,1
Kepler-1190 b,1
Kepler-1191 b,1
Kepler-1192 b,1
Kepler-1193 b,1
Kepler-1194 b,1
Kepler-122 f,1
Kepler-1220 b,1
Kepler-1221 b,1
Kepler-126 b,1
Kepler-125 b,1
Kepler-125 c,1
Kepler-1250 b,1
Kepler-1251 b,1
Kepler-1252 b,1
Kepler-1253 b,1
Kepler-1254 b,1
Kepler-1254 c,1
Kepler-1254 d,1
Kepler-1255 b,1
Kepler-1256 b,1
Kepler-1257 b,1
Kepler-1258 b,1
Kepler-1259 b,1
Kepler-126 c,1
Kepler-1222 b,1
Kepler-126 d,1
Kepler-1260 b,1
Kepler-1261 b,1
Kepler-1262 b,1
Kepler-1263 b,1
Kepler-1264 b,1
Kepler-1265 b,1
Kepler-1266 b,1
Kepler-1267 b,1
Kepler-1268 b,1
Kepler-1269 b,1
Kepler-127 b,1
Kepler-127 c,1
Kepler-127 d,1
Kepler-1249 b,1
Kepler-1248 b,1
Kepler-1247 b,1
Kepler-1246 b,1
Kepler-1223 b,1
Kepler-1224 b,1
Kepler-1225 b,1
Kepler-1226 b,1
Kepler-1227 b,1
Kepler-1228 b,1
Kepler-1229 b,1
Kepler-123 b,1
Kepler-123 c,1
Kepler-1230 b,1
Kepler-1231 b,1
Kepler-1232 b,1
Kepler-1233 b,1
Kepler-1234 b,1
Kepler-1235 b,1
Kepler-1236 b,1
Kepler-1237 b,1
Kepler-1238 b,1
Kepler-1239 b,1
Kepler-124 b,1
Kepler-124 c,1
Kepler-124 d,1
Kepler-1240 b,1
Kepler-1241 b,1
Kepler-1242 b,1
Kepler-1243 b,1
Kepler-1244 b,1
Kepler-1245 b,1
Kepler-1245 c,1
Kepler-1382 b,1
Kepler-1384 b,1
Kepler-1169 b,1
Kepler-1528 b,1
Kepler-1516 b,1
Kepler-1517 b,1
Kepler-1518 b,1
Kepler-1519 b,1
Kepler-152 b,1
Kepler-152 c,1
Kepler-1520 b,1
Kepler-1521 b,1
Kepler-1522 b,1
Kepler-1523 b,1
Kepler-1524 b,1
Kepler-1525 b,1
Kepler-1526 b,1
Kepler-1527 b,1
Kepler-1529 b,1
Kepler-1514 c,1
Kepler-153 b,1
Kepler-153 c,1
Kepler-1530 b,1
Kepler-1530 c,1
Kepler-1531 b,1
Kepler-1532 b,1
Kepler-1533 b,1
Kepler-1534 b,1
Kepler-1535 b,1
Kepler-1536 b,1
Kepler-1537 b,1
Kepler-1538 b,1
Kepler-1539 b,1
Kepler-154 b,1
Kepler-1515 b,1
Kepler-1514 b,1
Kepler-149 d,1
Kepler-150 f,1
Kepler-1491 b,1
Kepler-1492 b,1
Kepler-1493 b,1
Kepler-1494 b,1
Kepler-1495 b,1
Kepler-1496 b,1
11 UMi b,1
Kepler-1498 b,1
Kepler-1499 b,1
Kepler-15 b,1
Kepler-150 b,1
Kepler-150 c,1
Kepler-150 d,1
Kepler-150 e,1
Kepler-1500 b,1
Kepler-1513 b,1
Kepler-1501 b,1
Kepler-1502 b,1
Kepler-1503 b,1
Kepler-1504 b,1
Kepler-1505 b,1
Kepler-1506 b,1
Kepler-1507 b,1
Kepler-1508 b,1
Kepler-1509 b,1
Kepler-151 b,1
Kepler-151 c,1
Kepler-1510 b,1
Kepler-1511 b,1
Kepler-1512 b,1
Kepler-154 c,1
Kepler-154 d,1
Kepler-154 e,1
Kepler-1578 b,1
Kepler-1567 b,1
Kepler-1568 b,1
Kepler-1569 b,1
Kepler-157 b,1
Kepler-157 c,1
Kepler-157 d,1
Kepler-1570 b,1
Kepler-1571 b,1
Kepler-1572 b,1
Kepler-1573 b,1
Kepler-1574 b,1
Kepler-1575 b,1
Kepler-1576 b,1
Kepler-1577 b,1
Kepler-1579 b,1
Kepler-154 f,1
Kepler-158 b,1
Kepler-158 c,1
Kepler-1580 b,1
Kepler-1581 b,1
Kepler-1582 b,1
Kepler-1583 b,1
Kepler-1584 b,1
Kepler-1585 b,1
Kepler-1586 b,1
Kepler-1587 b,1
Kepler-1588 b,1
Kepler-1589 b,1
Kepler-159 b,1
Kepler-159 c,1
Kepler-1566 b,1
Kepler-1565 b,1
Kepler-1564 b,1
Kepler-1563 b,1
Kepler-1541 b,1
Kepler-1542 b,1
Kepler-1542 c,1
Kepler-1542 d,1
Kepler-1542 e,1
Kepler-1543 b,1
Kepler-1544 b,1
Kepler-1545 b,1
Kepler-1546 b,1
Kepler-1547 b,1
Kepler-1548 b,1
Kepler-1549 b,1
Kepler-155 b,1
Kepler-155 c,1
Kepler-1550 b,1
Kepler-1551 b,1
Kepler-1552 b,1
Kepler-1553 b,1
Kepler-1554 b,1
Kepler-1555 b,1
Kepler-1556 b,1
Kepler-1557 b,1
Kepler-1558 b,1
Kepler-1559 b,1
Kepler-156 b,1
Kepler-156 c,1
Kepler-1560 b,1
Kepler-1561 b,1
Kepler-1562 b,1
Kepler-1490 b,1
Kepler-149 c,1
Kepler-1385 b,1
Kepler-1421 b,1
Kepler-1410 b,1
Kepler-1411 b,1
Kepler-1412 b,1
Kepler-1413 b,1
Kepler-1414 b,1
Kepler-1415 b,1
Kepler-1416 b,1
Kepler-1417 b,1
Kepler-1418 b,1
Kepler-1419 b,1
Kepler-142 b,1
Kepler-142 c,1
Kepler-142 d,1
Kepler-1420 b,1
Kepler-1422 b,1
Kepler-141 b,1
Kepler-1423 b,1
Kepler-1424 b,1
Kepler-1425 b,1
Kepler-1426 b,1
Kepler-1427 b,1
Kepler-1428 b,1
Kepler-1429 b,1
Kepler-143 b,1
Kepler-143 c,1
Kepler-1430 b,1
Kepler-1431 b,1
Kepler-1432 b,1
Kepler-1433 b,1
Kepler-1434 b,1
Kepler-141 c,1
Kepler-1409 b,1
Kepler-149 b,1
Kepler-1395 b,1
Kepler-1386 b,1
Kepler-1387 b,1
Kepler-1388 b,1
Kepler-1388 c,1
Kepler-1388 d,1
Kepler-1388 e,1
Kepler-1389 b,1
Kepler-139 b,1
Kepler-139 c,1
Kepler-1390 b,1
Kepler-1391 b,1
Kepler-1392 b,1
Kepler-1393 b,1
Kepler-1394 b,1
Kepler-1396 b,1
Kepler-1408 b,1
Kepler-1397 b,1
Kepler-1398 b,1
Kepler-1398 c,1
Kepler-1399 b,1
Kepler-140 b,1
Kepler-140 c,1
Kepler-1400 b,1
Kepler-1401 b,1
Kepler-1402 b,1
Kepler-1403 b,1
Kepler-1404 b,1
Kepler-1405 b,1
Kepler-1406 b,1
Kepler-1407 b,1
Kepler-1435 b,1
Kepler-1436 b,1
Kepler-1437 b,1
Kepler-1476 b,1
Kepler-1465 b,1
Kepler-1466 b,1
Kepler-1467 b,1
Kepler-1468 b,1
Kepler-1468 c,1
Kepler-1469 b,1
Kepler-147 b,1
Kepler-147 c,1
Kepler-1470 b,1
Kepler-1471 b,1
Kepler-1472 b,1
Kepler-1473 b,1
Kepler-1474 b,1
Kepler-1475 b,1
Kepler-1477 b,1
Kepler-1438 b,1
Kepler-1478 b,1
Kepler-1479 b,1
Kepler-148 b,1
Kepler-148 c,1
Kepler-148 d,1
Kepler-1481 b,1
Kepler-1482 b,1
Kepler-1483 b,1
Kepler-1484 b,1
Kepler-1485 b,1
Kepler-1486 b,1
Kepler-1487 b,1
Kepler-1488 b,1
Kepler-1489 b,1
Kepler-1464 c,1
Kepler-1464 b,1
Kepler-1463 b,1
Kepler-1462 b,1
Kepler-1439 b,1
Kepler-144 b,1
Kepler-144 c,1
Kepler-1440 b,1
Kepler-1441 b,1
Kepler-1442 b,1
Kepler-1443 b,1
Kepler-1444 b,1
Kepler-1445 b,1
Kepler-1446 b,1
Kepler-1447 b,1
Kepler-1448 b,1
Kepler-1449 b,1
Kepler-145 b,1
Kepler-145 c,1
Kepler-1450 b,1
Kepler-1451 b,1
Kepler-1452 b,1
Kepler-1453 b,1
Kepler-1454 b,1
Kepler-1455 b,1
Kepler-1456 b,1
Kepler-1457 b,1
Kepler-1458 b,1
Kepler-1459 b,1
Kepler-146 b,1
Kepler-146 c,1
Kepler-1460 b,1
Kepler-1461 b,1
Kepler-117 b,1
Kepler-1168 b,1
K2-21 c,1
K2-50 b,1
K2-38 c,1
K2-39 b,1
K2-4 b,1
K2-42 b,1
K2-43 b,1
K2-43 c,1
K2-44 b,1
K2-45 b,1
K2-46 b,1
K2-47 b,1
K2-48 b,1
K2-49 b,1
K2-5 b,1
K2-5 c,1
K2-52 b,1
K2-37 d,1
K2-53 b,1
K2-54 b,1
K2-55 b,1
K2-57 b,1
K2-58 b,1
K2-58 c,1
K2-58 d,1
K2-59 b,1
K2-59 c,1
K2-6 b,1
K2-60 b,1
K2-61 b,1
K2-62 b,1
K2-62 c,1
K2-38 b,1
K2-37 c,1
K2-337 b,1
K2-35 b,1
K2-339 b,1
K2-34 b,1
K2-340 b,1
K2-341 b,1
K2-342 b,1
K2-343 b,1
K2-343 c,1
K2-344 b,1
K2-345 b,1
K2-346 b,1
K2-347 b,1
K2-348 b,1
K2-348 c,1
K2-349 b,1
K2-35 c,1
K2-37 b,1
K2-350 b,1
K2-350 c,1
K2-351 b,1
K2-352 b,1
K2-352 c,1
K2-352 d,1
K2-353 b,1
K2-354 b,1
K2-355 b,1
K2-356 b,1
K2-357 b,1
K2-358 b,1
K2-36 b,1
K2-36 c,1
K2-63 b,1
K2-63 c,1
K2-64 b,1
KELT-24 b,1
K2-90 c,1
K2-91 b,1
K2-95 b,1
K2-97 b,1
K2-98 b,1
K2-99 b,1
KELT-1 b,1
KELT-10 b,1
KELT-11 b,1
KELT-12 b,1
KELT-14 b,1
KELT-17 b,1
KELT-20 b,1
KELT-21 b,1
KELT-6 b,1
K2-65 b,1
KELT-6 c,1
KELT-7 b,1
KELT-8 b,1
KIC 10001893 b,1
KIC 10001893 c,1
KIC 10001893 d,1
KIC 10068024 b,1
KIC 10525077 b,1
KIC 3558849 b,1
KIC 5437945 b,1
KIC 5479689 b,1
KIC 7917485 b,1
KIC 8121913 b,1
KIC 8540376 b,1
K2-90 b,1
K2-9 b,1
K2-89 b,1
K2-88 b,1
K2-66 b,1
K2-68 b,1
K2-69 b,1
K2-7 b,1
K2-70 b,1
K2-71 b,1
K2-72 b,1
K2-72 c,1
K2-72 d,1
K2-72 e,1
K2-73 b,1
K2-74 b,1
K2-75 b,1
K2-75 c,1
K2-77 b,1
K2-79 b,1
K2-8 b,1
K2-8 c,1
K2-80 b,1
K2-80 c,1
K2-80 d,1
K2-81 b,1
K2-83 b,1
K2-83 c,1
K2-84 b,1
K2-84 c,1
K2-85 b,1
K2-86 b,1
K2-87 b,1
K2-338 b,1
K2-336 b,1
KIC 9663113 b,1
K2-247 c,1
K2-239 c,1
K2-239 d,1
K2-24 b,1
K2-24 c,1
K2-240 b,1
K2-240 c,1
K2-241 b,1
K2-242 b,1
K2-243 b,1
K2-243 c,1
K2-244 b,1
K2-245 b,1
K2-246 b,1
K2-247 b,1
K2-248 b,1
K2-238 b,1
K2-249 b,1
K2-25 b,1
K2-250 b,1
K2-251 b,1
K2-252 b,1
K2-253 b,1
K2-254 b,1
K2-254 c,1
K2-255 b,1
K2-256 b,1
K2-257 b,1
K2-258 b,1
K2-259 b,1
K2-26 b,1
K2-239 b,1
K2-237 b,1
K2-335 b,1
K2-222 b,1
K2-210 b,1
K2-211 b,1
K2-212 b,1
K2-213 b,1
K2-214 b,1
K2-215 b,1
K2-216 b,1
K2-217 b,1
K2-218 b,1
K2-219 b,1
K2-219 c,1
K2-219 d,1
K2-220 b,1
K2-221 b,1
K2-223 b,1
K2-233 d,1
K2-223 c,1
K2-224 b,1
K2-224 c,1
K2-225 b,1
K2-226 b,1
K2-227 b,1
K2-228 b,1
K2-229 b,1
K2-229 c,1
K2-230 b,1
K2-231 b,1
K2-232 b,1
K2-233 b,1
K2-233 c,1
K2-260 b,1
K2-261 b,1
K2-263 b,1
K2-319 b,1
K2-292 b,1
K2-293 b,1
K2-294 b,1
K2-295 b,1
K2-3 b,1
K2-3 c,1
K2-3 d,1
K2-30 b,1
K2-308 b,1
K2-315 b,1
K2-316 b,1
K2-316 c,1
K2-317 b,1
K2-318 b,1
K2-320 b,1
K2-264 b,1
K2-321 b,1
K2-322 b,1
K2-323 b,1
K2-324 b,1
K2-325 b,1
K2-326 b,1
K2-329 b,1
K2-33 b,1
K2-330 b,1
K2-331 b,1
K2-331 c,1
K2-332 b,1
K2-333 b,1
K2-334 b,1
K2-291 b,1
K2-289 b,1
K2-287 b,1
K2-286 b,1
K2-264 c,1
K2-268 b,1
K2-268 c,1
K2-268 d,1
K2-268 e,1
K2-268 f,1
K2-269 b,1
K2-270 b,1
K2-270 c,1
K2-271 b,1
K2-272 b,1
K2-273 b,1
K2-274 b,1
K2-275 b,1
K2-275 c,1
K2-276 b,1
K2-277 b,1
K2-278 b,1
K2-279 b,1
K2-28 b,1
K2-280 b,1
K2-281 b,1
K2-282 b,1
K2-283 b,1
K2-284 b,1
K2-285 b,1
K2-285 c,1
K2-285 d,1
K2-285 e,1
KIC 8540376 c,1
KMT-2016-BLG-0212L b,1
Kepler-1167 b,1
Kepler-110 b,1
Kepler-1093 b,1
Kepler-1093 c,1
Kepler-1094 b,1
Kepler-1095 b,1
Kepler-1096 b,1
Kepler-1097 b,1
Kepler-1098 b,1
Kepler-1099 b,1
Kepler-11 b,1
Kepler-11 c,1
Kepler-11 d,1
Kepler-11 e,1
Kepler-11 f,1
Kepler-11 g,1
Kepler-110 c,1
Kepler-1091 b,1
Kepler-1100 b,1
Kepler-1101 b,1
Kepler-1102 b,1
Kepler-1103 b,1
Kepler-1104 b,1
Kepler-1105 b,1
Kepler-1106 b,1
Kepler-1107 b,1
Kepler-1108 b,1
Kepler-1109 b,1
Kepler-111 b,1
Kepler-111 c,1
Kepler-1110 b,1
Kepler-1111 b,1
Kepler-1092 b,1
Kepler-1090 b,1
Kepler-1065 b,1
Kepler-1075 b,1
Kepler-1066 b,1
Kepler-1067 b,1
Kepler-1068 b,1
Kepler-1069 b,1
Kepler-107 b,1
Kepler-107 c,1
Kepler-107 d,1
Kepler-107 e,1
Kepler-1070 b,1
Kepler-1071 b,1
Kepler-1072 b,1
Kepler-1073 b,1
Kepler-1073 c,1
Kepler-1074 b,1
Kepler-1076 b,1
Kepler-109 c,1
Kepler-1077 b,1
Kepler-1078 b,1
Kepler-1079 b,1
Kepler-1080 b,1
Kepler-1081 b,1
Kepler-1082 b,1
Kepler-1083 b,1
Kepler-1084 b,1
Kepler-1085 b,1
Kepler-1085 c,1
Kepler-1087 b,1
Kepler-1088 b,1
Kepler-1089 b,1
Kepler-109 b,1
Kepler-1112 b,1
Kepler-1113 b,1
Kepler-1114 b,1
Kepler-1154 b,1
Kepler-1142 b,1
Kepler-1143 b,1
Kepler-1143 c,1
Kepler-1144 b,1
Kepler-1145 b,1
Kepler-1146 b,1
Kepler-1147 b,1
Kepler-1148 b,1
Kepler-1149 b,1
Kepler-115 b,1
Kepler-115 c,1
Kepler-1151 b,1
Kepler-1152 b,1
Kepler-1153 b,1
Kepler-1154 c,1
Kepler-1115 b,1
Kepler-1155 b,1
Kepler-1156 b,1
Kepler-1157 b,1
Kepler-1158 b,1
Kepler-1159 b,1
Kepler-116 b,1
Kepler-116 c,1
Kepler-1160 b,1
Kepler-1161 b,1
Kepler-1162 b,1
Kepler-1163 b,1
Kepler-1164 b,1
Kepler-1165 b,1
Kepler-1166 b,1
Kepler-1141 b,1
Kepler-1140 b,1
Kepler-114 d,1
Kepler-114 c,1
Kepler-1116 b,1
Kepler-1117 b,1
Kepler-1118 b,1
Kepler-1119 b,1
Kepler-112 b,1
Kepler-112 c,1
Kepler-1120 b,1
Kepler-1121 b,1
Kepler-1122 b,1
Kepler-1123 b,1
Kepler-1124 b,1
Kepler-1125 b,1
Kepler-1126 b,1
Kepler-1127 b,1
Kepler-1128 b,1
Kepler-1129 b,1
Kepler-1129 c,1
Kepler-113 b,1
Kepler-113 c,1
Kepler-1131 b,1
Kepler-1132 b,1
Kepler-1133 b,1
Kepler-1134 b,1
Kepler-1135 b,1
Kepler-1136 b,1
Kepler-1137 b,1
Kepler-1138 b,1
Kepler-1139 b,1
Kepler-114 b,1
Kepler-1065 c,1
Kepler-1064 b,1
KMT-2016-BLG-1107L b,1
Kepler-10 c,1
KOI-3503 c,1
KOI-351 b,1
KOI-351 c,1
KOI-351 d,1
KOI-351 e,1
KOI-351 f,1
KOI-351 g,1
KOI-351 h,1
KOI-3680 b,1
KOI-55 b,1
KOI-55 c,1
KPS-1 b,1
Kapteyn c,1
Kepler-10 b,1
Kepler-100 b,1
KOI-217 b,1
Kepler-100 c,1
Kepler-100 d,1
Kepler-1000 b,1
Kepler-1001 b,1
Kepler-1001 c,1
Kepler-1002 b,1
Kepler-1003 b,1
Kepler-1004 b,1
Kepler-1005 b,1
Kepler-1006 b,1
Kepler-1007 b,1
Kepler-1009 b,1
Kepler-101 b,1
Kepler-101 c,1
KOI-3503 b,1
KOI-1833 d,1
Kepler-1062 b,1
KMT-2018-BLG-1743L b,1
KMT-2016-BLG-1397L b,1
KMT-2016-BLG-1820L b,1
KMT-2016-BLG-1836L b,1
KMT-2016-BLG-2142L b,1
KMT-2016-BLG-2364L b,1
KMT-2016-BLG-2397L b,1
KMT-2016-BLG-2605L b,1
KMT-2017-BLG-0165L b,1
KMT-2017-BLG-1038L b,1
KMT-2017-BLG-1146L b,1
KMT-2018-BLG-0029L b,1
KMT-2018-BLG-0748L b,1
KMT-2018-BLG-1025L b,1
KMT-2018-BLG-1292L b,1
KMT-2018-BLG-1976L b,1
KOI-1831 d,1
KMT-2018-BLG-1990L b,1
KMT-2018-BLG-1996L b,1
KMT-2019-BLG-0371L b,1
KMT-2019-BLG-0842L b,1
KMT-2019-BLG-1339L b,1
KMT-2019-BLG-1715L b,1
KMT-2019-BLG-1953L b,1
KOI-12 b,1
KOI-142 b,1
KOI-142 c,1
KOI-1599.01,1
KOI-1599.02,1
KOI-1783.01,1
KOI-1783.02,1
Kepler-1010 b,1
Kepler-1011 b,1
Kepler-1012 b,1
Kepler-1050 c,1
Kepler-1040 b,1
Kepler-1041 b,1
Kepler-1042 b,1
Kepler-1043 b,1
Kepler-1044 b,1
Kepler-1045 b,1
Kepler-1046 b,1
Kepler-1047 b,1
Kepler-1047 c,1
Kepler-1048 b,1
Kepler-1049 b,1
Kepler-105 b,1
Kepler-105 c,1
Kepler-1050 b,1
Kepler-1051 b,1
Kepler-1013 b,1
Kepler-1052 b,1
Kepler-1053 b,1
Kepler-1054 b,1
Kepler-1055 b,1
Kepler-1056 b,1
Kepler-1057 b,1
Kepler-1058 b,1
Kepler-1059 b,1
Kepler-106 b,1
Kepler-106 c,1
Kepler-106 d,1
Kepler-106 e,1
Kepler-1060 b,1
Kepler-1061 b,1
Kepler-1039 b,1
Kepler-1038 b,1
Kepler-1037 b,1
Kepler-1036 b,1
Kepler-1014 b,1
Kepler-1015 b,1
Kepler-1016 b,1
Kepler-1016 c,1
Kepler-1017 b,1
Kepler-1018 b,1
Kepler-1019 b,1
Kepler-102 b,1
Kepler-102 c,1
Kepler-102 d,1
Kepler-102 e,1
Kepler-102 f,1
Kepler-1020 b,1
Kepler-1021 b,1
Kepler-1022 b,1
Kepler-1023 b,1
Kepler-1024 b,1
Kepler-1025 b,1
Kepler-1026 b,1
Kepler-1028 b,1
Kepler-1029 b,1
Kepler-103 b,1
Kepler-103 c,1
Kepler-1030 b,1
Kepler-1031 b,1
Kepler-1032 b,1
Kepler-1033 b,1
Kepler-1034 b,1
Kepler-1035 b,1
xi Aql b,1
